002494 华斯股份 日线 前复权
      日期	    开盘	    最高	    最低	    收盘	    成交量	    成交额
01/04/2012	5.27	5.34	5.12	5.12	237700	3324269.250
01/05/2012	5.12	5.12	4.83	4.89	317210	4228167.500
01/06/2012	4.98	5.09	4.74	5.05	258884	3420800.000
01/09/2012	4.94	5.19	4.90	5.17	961101	13052996.000
01/10/2012	5.13	5.39	5.13	5.36	935809	13237657.000
01/11/2012	5.32	5.38	5.27	5.35	416908	5964327.500
01/12/2012	5.35	5.39	5.26	5.30	368530	5264781.000
01/13/2012	5.26	5.28	4.98	5.01	460327	6312352.000
01/16/2012	4.92	4.97	4.78	4.86	254047	3321443.750
01/17/2012	4.82	5.12	4.82	5.10	737022	9958968.000
01/18/2012	5.06	5.14	4.82	4.82	545770	7321713.500
01/19/2012	4.89	4.91	4.76	4.84	578602	7536977.000
01/20/2012	4.88	5.06	4.86	5.02	746104	9996960.000
01/30/2012	5.01	5.12	4.91	5.06	586730	7986451.500
01/31/2012	5.06	5.06	4.98	5.04	251779	3396616.500
02/01/2012	5.04	5.28	5.04	5.14	799605	11167009.000
02/02/2012	5.15	5.24	5.11	5.24	464583	6491078.000
02/03/2012	5.25	5.35	5.21	5.34	645942	9167530.000
02/06/2012	5.48	5.76	5.48	5.53	1356266	20452572.000
02/07/2012	5.49	5.54	5.33	5.37	692800	10109782.000
02/08/2012	5.35	5.50	5.25	5.49	537974	7805398.500
02/09/2012	5.51	5.62	5.43	5.49	723596	10763166.000
02/10/2012	5.47	5.57	5.46	5.50	447813	6623519.000
02/13/2012	5.34	5.60	5.34	5.54	788252	11696333.000
02/14/2012	5.54	5.55	5.48	5.50	302932	4472762.000
02/15/2012	5.48	5.63	5.48	5.59	484089	7245338.500
02/16/2012	5.59	5.66	5.53	5.63	468844	7038420.000
02/17/2012	5.66	5.68	5.54	5.58	224191	3356804.500
02/20/2012	5.59	5.67	5.56	5.57	550264	8293057.500
02/21/2012	5.57	5.60	5.46	5.55	719000	10632428.000
02/22/2012	5.55	5.71	5.51	5.69	938931	14202636.000
02/23/2012	5.69	5.75	5.63	5.69	921766	14074944.000
02/24/2012	5.66	5.77	5.63	5.74	1276460	19522000.000
02/27/2012	5.77	5.82	5.70	5.71	1168529	18021202.000
02/28/2012	5.68	5.71	5.57	5.62	933484	14079519.000
02/29/2012	5.59	5.64	5.53	5.56	451137	6759187.500
03/01/2012	5.59	5.63	5.54	5.58	345333	5177479.500
03/02/2012	5.59	5.69	5.56	5.68	706120	10672547.000
03/05/2012	5.69	5.80	5.67	5.76	1025843	15751377.000
03/06/2012	5.76	5.76	5.61	5.64	671452	10241580.000
03/07/2012	5.58	5.70	5.54	5.61	551537	8343150.000
03/08/2012	5.62	5.75	5.62	5.75	715828	10941488.000
03/09/2012	5.75	6.05	5.75	6.03	2085749	33150904.000
03/12/2012	6.03	6.39	5.98	6.35	3191468	53407648.000
03/13/2012	6.36	6.54	6.35	6.51	2751013	47681568.000
03/14/2012	6.55	6.63	6.09	6.17	2501176	42752968.000
03/15/2012	6.21	6.35	6.02	6.22	1774409	29453960.000
03/16/2012	6.22	6.33	6.05	6.33	2744185	45375756.000
03/19/2012	6.28	6.36	6.17	6.20	3283026	54683520.000
03/20/2012	6.19	6.19	5.84	5.88	2434307	38749908.000
03/21/2012	5.93	5.94	5.74	5.88	1129123	17704290.000
03/22/2012	5.89	5.93	5.79	5.83	870541	13639398.000
03/23/2012	5.86	5.93	5.75	5.87	987400	15486837.000
03/26/2012	5.88	6.16	5.88	6.15	2045074	33131126.000
03/27/2012	6.19	6.28	6.09	6.18	1913202	31669136.000
03/28/2012	6.16	6.18	5.86	5.88	1519709	24517730.000
03/29/2012	5.74	5.99	5.66	5.99	1192282	18546368.000
03/30/2012	5.90	6.36	5.86	6.33	4129153	67504856.000
04/05/2012	6.15	6.15	5.72	6.03	4863501	77459504.000
04/06/2012	6.01	6.12	5.83	5.90	4342836	69282896.000
04/09/2012	5.86	5.91	5.74	5.89	2267577	35367752.000
04/10/2012	5.84	5.84	5.63	5.79	1921437	29445790.000
04/11/2012	5.70	5.81	5.63	5.73	1098934	16887276.000
04/12/2012	5.78	5.91	5.65	5.85	2084673	32127198.000
04/13/2012	5.84	5.89	5.78	5.85	2467889	38513500.000
04/16/2012	5.82	5.86	5.73	5.78	1539352	23908542.000
04/17/2012	5.77	5.82	5.49	5.49	3304775	49317388.000
04/18/2012	5.49	5.58	5.36	5.55	2350548	34500888.000
04/19/2012	5.55	5.61	5.48	5.56	1471423	21901984.000
04/20/2012	5.56	5.61	5.53	5.61	1199181	17953874.000
04/24/2012	5.49	5.49	5.13	5.23	2756273	39076544.000
04/25/2012	5.19	5.33	5.17	5.21	1002346	14041747.000
04/26/2012	5.25	5.25	5.09	5.21	1253572	17493924.000
04/27/2012	5.23	5.30	5.16	5.26	776497	10880947.000
05/02/2012	5.28	5.33	5.22	5.29	1172860	16627912.000
05/03/2012	5.28	5.33	5.23	5.31	1215276	17204772.000
05/04/2012	5.28	5.34	5.27	5.33	1151342	16427241.000
05/07/2012	5.32	5.44	5.30	5.41	1261915	18256682.000
05/08/2012	5.42	5.44	5.36	5.41	1008567	14616142.000
05/09/2012	5.39	5.39	5.23	5.23	1049798	14926220.000
05/10/2012	5.29	5.29	5.19	5.22	904378	12703131.000
05/11/2012	5.22	5.25	5.17	5.17	840988	11763027.000
05/14/2012	5.21	5.23	5.13	5.20	760686	10622322.000
05/15/2012	5.17	5.23	5.13	5.21	653605	9079957.000
05/16/2012	5.20	5.28	5.17	5.23	1027439	14460490.000
05/17/2012	5.23	5.30	5.21	5.28	1111399	15741122.000
05/18/2012	5.26	5.33	5.23	5.27	1156425	16401115.000
05/21/2012	5.28	5.36	5.26	5.31	988599	14095873.000
05/22/2012	5.34	5.34	5.27	5.32	1105282	15771588.000
05/23/2012	5.30	5.32	5.15	5.19	973136	13665934.000
05/24/2012	5.26	5.31	5.19	5.20	1011084	14304523.000
05/25/2012	5.13	5.17	4.97	5.02	1557083	21183380.000
05/28/2012	4.88	5.03	4.88	5.03	843433	11232604.000
05/29/2012	5.01	5.11	4.98	5.09	694817	9463391.000
05/30/2012	5.09	5.11	5.04	5.04	647139	8842680.000
05/31/2012	5.02	5.15	5.01	5.09	665020	9098170.000
06/01/2012	5.07	5.19	5.07	5.15	916235	12633029.000
06/04/2012	5.07	5.16	4.99	5.11	1041018	14242628.000
06/05/2012	5.12	5.19	5.02	5.09	434210	5952161.000
06/06/2012	5.10	5.10	4.91	4.99	467230	6305983.000
06/07/2012	5.04	5.09	4.89	4.99	469744	6308456.000
06/08/2012	5.03	5.04	4.86	4.96	802815	10607195.000
06/11/2012	4.95	5.00	4.87	4.98	436400	5767971.000
06/12/2012	4.94	4.96	4.90	4.92	273500	3599528.500
06/13/2012	4.92	5.08	4.92	5.05	724204	9704679.000
06/14/2012	5.05	5.09	4.99	4.99	530013	7149944.500
06/15/2012	5.02	5.11	4.99	5.11	1501778	20314406.000
06/18/2012	5.12	5.17	5.09	5.13	1099101	15052966.000
06/19/2012	5.16	5.23	5.13	5.16	1179588	16307535.000
06/20/2012	5.18	5.18	5.05	5.11	1469046	19999040.000
06/21/2012	5.09	5.09	4.94	4.96	998383	13319779.000
06/25/2012	4.94	4.95	4.82	4.84	838256	10936446.000
06/26/2012	4.82	4.88	4.79	4.88	504649	6529941.500
06/27/2012	4.88	4.91	4.84	4.84	496455	6483547.500
06/28/2012	4.85	4.88	4.81	4.81	489850	6353096.500
06/29/2012	4.79	4.88	4.78	4.88	371999	4819313.500
07/02/2012	4.89	5.04	4.88	5.04	1001184	13308840.000
07/03/2012	5.00	5.07	4.98	5.05	792048	10646678.000
07/04/2012	5.03	5.08	4.98	5.00	423721	5694776.000
07/05/2012	4.99	5.00	4.82	4.83	680992	8881430.000
07/06/2012	4.88	4.93	4.74	4.91	896987	11576798.000
07/09/2012	4.85	4.94	4.82	4.83	820192	10706895.000
07/10/2012	4.84	4.86	4.75	4.79	457659	5870219.500
07/11/2012	4.79	4.82	4.75	4.80	461386	5910176.000
07/12/2012	4.80	4.94	4.75	4.90	719808	9370517.000
07/13/2012	4.86	4.92	4.86	4.88	574466	7501575.000
07/16/2012	4.83	4.88	4.73	4.73	552736	7072821.000
07/17/2012	4.73	4.78	4.68	4.76	362802	4598925.500
07/18/2012	4.74	4.84	4.71	4.84	479711	6138441.500
07/19/2012	4.83	5.34	4.79	5.34	7804666	109747576.000
07/20/2012	5.32	5.38	5.23	5.26	4100496	58204240.000
07/23/2012	5.20	5.31	5.10	5.21	2272379	31572560.000
07/24/2012	5.19	5.29	5.14	5.23	2241997	31253966.000
07/25/2012	5.17	5.31	5.17	5.28	2109360	29571078.000
07/26/2012	5.24	5.31	4.99	5.01	2136246	29547566.000
07/27/2012	5.03	5.06	4.90	4.96	1772469	23595948.000
07/30/2012	4.96	5.10	4.93	5.08	1644765	22155112.000
07/31/2012	5.04	5.11	4.98	5.03	1056875	14207159.000
08/01/2012	5.04	5.18	5.00	5.11	1440082	19615388.000
08/02/2012	5.08	5.29	5.03	5.22	2017276	27759292.000
08/03/2012	5.20	5.28	5.13	5.24	1613982	22417130.000
08/06/2012	5.20	5.36	5.16	5.32	2468987	34869928.000
08/07/2012	5.30	5.33	5.19	5.22	1781837	24950790.000
08/08/2012	5.24	5.73	5.20	5.49	4916810	71639152.000
08/09/2012	5.46	5.55	5.40	5.51	2820341	41226088.000
08/10/2012	5.48	5.76	5.43	5.66	3867362	58067096.000
08/13/2012	5.63	5.65	5.40	5.42	2413000	35598552.000
08/14/2012	5.39	5.58	5.39	5.58	1787658	26224372.000
08/15/2012	5.54	5.61	5.44	5.45	1218570	17813110.000
08/16/2012	5.44	5.49	5.29	5.39	1256756	17981456.000
08/17/2012	5.33	5.46	5.30	5.41	811817	11631015.000
08/20/2012	5.34	5.54	5.33	5.49	1115949	16281803.000
08/21/2012	5.49	5.64	5.44	5.59	1623086	24006040.000
08/22/2012	5.55	5.57	5.36	5.40	1881517	27410304.000
08/23/2012	5.41	5.47	5.29	5.45	1466572	21017018.000
08/24/2012	5.43	5.55	5.39	5.42	1346498	19599212.000
08/27/2012	5.41	5.41	5.28	5.34	806024	11474326.000
08/28/2012	5.28	5.38	5.24	5.32	1000982	14187626.000
08/29/2012	5.31	5.40	5.29	5.31	909184	12972295.000
08/30/2012	5.26	5.31	5.09	5.21	2159039	29792104.000
08/31/2012	5.17	5.27	5.13	5.24	625399	8676357.000
09/03/2012	5.22	5.34	5.19	5.34	813979	11510146.000
09/04/2012	5.36	5.36	5.17	5.23	1205138	16932250.000
09/05/2012	5.18	5.33	5.18	5.29	643527	9054509.000
09/06/2012	5.25	5.31	5.16	5.29	1352300	18872742.000
09/07/2012	5.32	5.51	5.31	5.44	2318916	33505516.000
09/10/2012	5.44	5.51	5.41	5.50	1764141	25648980.000
09/11/2012	5.47	5.57	5.42	5.56	1816231	26647360.000
09/12/2012	5.57	5.58	5.46	5.53	1093181	16055278.000
09/13/2012	5.63	5.64	5.42	5.43	1347809	19883384.000
09/14/2012	5.44	5.48	5.35	5.39	1084145	15672048.000
09/17/2012	5.36	5.41	5.24	5.25	806011	11462837.000
09/18/2012	5.24	5.31	5.21	5.27	533214	7487369.000
09/19/2012	5.30	5.31	5.23	5.28	478522	6727650.000
09/20/2012	5.25	5.27	5.02	5.02	1199995	16403776.000
09/21/2012	5.01	5.06	4.94	4.99	579555	7740330.000
09/24/2012	4.96	4.97	4.83	4.93	868076	11359665.000
09/25/2012	4.90	4.99	4.87	4.96	516930	6785942.000
09/26/2012	4.94	5.01	4.81	4.93	497830	6518504.000
09/27/2012	4.94	5.07	4.87	5.03	885904	11789271.000
09/28/2012	4.95	5.12	4.95	5.12	781813	10576367.000
10/08/2012	5.06	5.13	5.00	5.05	440018	5929727.000
10/09/2012	5.09	5.20	5.06	5.18	607907	8352484.500
10/10/2012	5.13	5.24	5.12	5.21	638391	8824364.000
10/11/2012	5.21	5.23	5.08	5.09	482497	6630618.500
10/12/2012	5.13	5.14	5.05	5.13	554765	7561588.000
10/15/2012	5.16	5.19	4.98	5.03	417933	5648303.000
10/16/2012	5.03	5.10	4.99	5.04	402382	5435868.500
10/17/2012	5.12	5.16	5.04	5.12	572491	7806638.000
10/18/2012	5.13	5.31	5.11	5.26	1117092	15655110.000
10/19/2012	5.29	5.29	5.21	5.24	571292	7980540.500
10/22/2012	5.24	5.41	5.23	5.41	1253991	17955062.000
10/23/2012	5.38	5.39	5.29	5.30	1284880	18312312.000
10/24/2012	5.28	5.31	5.24	5.27	736102	10349888.000
10/25/2012	5.31	5.37	5.24	5.28	947948	13407658.000
10/26/2012	5.26	5.31	5.14	5.21	789795	11023721.000
10/29/2012	5.19	5.27	5.17	5.27	366352	5103809.000
10/30/2012	5.23	5.24	4.90	4.94	1818482	24289040.000
10/31/2012	4.91	4.97	4.89	4.93	466599	6148990.000
11/01/2012	4.95	5.02	4.91	4.99	886386	11787251.000
11/02/2012	5.00	5.01	4.94	4.99	645549	8584502.000
11/05/2012	4.99	5.03	4.94	4.99	457470	6094015.000
11/06/2012	4.98	4.99	4.86	4.95	592292	7767160.500
11/07/2012	4.94	4.94	4.86	4.86	774902	10149520.000
11/08/2012	4.84	4.84	4.67	4.69	837358	10696130.000
11/09/2012	4.71	4.75	4.69	4.74	250611	3175637.250
11/12/2012	4.76	4.80	4.75	4.78	293877	3758109.250
11/13/2012	4.78	4.80	4.71	4.71	258568	3285735.500
11/14/2012	4.71	4.74	4.64	4.72	294801	3707717.500
11/15/2012	4.65	4.72	4.64	4.66	351199	4395050.500
11/16/2012	4.66	4.66	4.48	4.51	890745	10818987.000
11/19/2012	4.52	4.55	4.48	4.54	254440	3083280.000
11/20/2012	4.56	4.57	4.52	4.53	233741	2848107.250
11/21/2012	4.54	4.59	4.48	4.59	525148	6395722.500
11/22/2012	4.59	4.59	4.43	4.48	456546	5520395.000
11/23/2012	4.48	4.53	4.46	4.48	565086	6807946.500
11/26/2012	4.50	4.55	4.48	4.48	422286	5107042.500
11/27/2012	4.48	4.48	4.30	4.30	670786	7869260.500
11/28/2012	4.30	4.31	4.21	4.24	407398	4624474.500
11/29/2012	4.21	4.27	4.11	4.13	503845	5637417.000
11/30/2012	4.13	4.26	4.11	4.20	274407	3073233.750
12/03/2012	4.20	4.20	4.01	4.05	284308	3142873.750
12/04/2012	4.03	4.15	3.90	4.12	393487	4270236.500
12/05/2012	4.13	4.31	4.09	4.25	932649	10629390.000
12/06/2012	4.23	4.29	4.21	4.23	330637	3767918.250
12/07/2012	4.24	4.34	4.19	4.32	653325	7534555.000
12/10/2012	4.36	4.41	4.33	4.40	858704	10087206.000
12/11/2012	4.36	4.45	4.35	4.39	610936	7189639.000
12/12/2012	4.37	4.41	4.29	4.38	440346	5135448.500
12/13/2012	4.36	4.67	4.31	4.49	1279702	15376350.000
12/14/2012	4.46	4.71	4.42	4.68	1942373	24004348.000
12/17/2012	4.65	4.70	4.60	4.62	1280050	15895931.000
12/18/2012	4.61	4.71	4.59	4.63	1294494	16136420.000
12/19/2012	4.61	4.65	4.60	4.63	485002	6003553.000
12/20/2012	4.63	4.70	4.54	4.67	1156683	14382737.000
12/21/2012	4.65	4.78	4.62	4.75	1499945	18918134.000
12/24/2012	4.75	4.98	4.75	4.90	2425432	31623648.000
12/25/2012	4.86	5.05	4.84	4.95	1882821	24924970.000
12/26/2012	4.95	5.11	4.92	5.08	1733629	23349014.000
12/27/2012	5.08	5.12	4.86	4.87	1646957	21901388.000
12/28/2012	4.86	5.01	4.81	4.99	1405605	18448652.000
12/31/2012	5.00	5.04	4.90	5.01	1280932	17083278.000
01/04/2013	5.06	5.09	4.94	4.99	1150725	15422291.000
01/07/2013	4.99	5.23	4.94	5.20	2348815	32259160.000
01/08/2013	5.18	5.26	5.13	5.18	1794022	24922514.000
01/09/2013	5.19	5.21	5.05	5.14	1574655	21588634.000
01/10/2013	5.16	5.18	5.08	5.11	1264989	17340644.000
01/11/2013	5.14	5.19	5.00	5.01	1425199	19405348.000
01/14/2013	5.03	5.17	4.98	5.16	2211604	30237622.000
01/15/2013	5.20	5.39	5.14	5.34	3112967	44147608.000
01/16/2013	5.31	5.44	5.27	5.39	2158267	30822018.000
01/17/2013	5.39	5.42	5.30	5.35	1107354	15871246.000
01/18/2013	5.35	5.39	5.24	5.35	1152982	16363162.000
01/21/2013	5.35	5.44	5.33	5.42	932683	13390944.000
01/22/2013	5.41	5.41	5.15	5.29	1565667	22011266.000
01/23/2013	5.19	5.26	5.13	5.24	973781	13527084.000
01/24/2013	5.23	5.28	4.99	5.02	1049552	14368328.000
01/25/2013	5.07	5.07	4.98	5.03	618800	8304219.500
01/28/2013	5.03	5.20	5.03	5.20	901046	12314996.000
01/29/2013	5.20	5.27	5.15	5.21	807368	11260598.000
01/30/2013	5.21	5.27	5.16	5.18	910481	12659623.000
01/31/2013	5.22	5.31	5.19	5.24	1105462	15468695.000
02/01/2013	5.17	5.38	5.17	5.34	1064732	15019970.000
02/04/2013	5.34	5.46	5.29	5.32	1098390	15766452.000
02/05/2013	5.29	5.45	5.28	5.40	997603	14378213.000
02/06/2013	5.37	5.50	5.37	5.44	763709	11106042.000
02/07/2013	5.46	5.46	5.28	5.36	1024222	14622890.000
02/08/2013	5.39	5.63	5.37	5.63	2004806	29760346.000
02/18/2013	5.65	5.96	5.65	5.82	2819922	43822160.000
02/19/2013	5.79	5.84	5.65	5.76	1441725	22003884.000
02/20/2013	5.76	5.89	5.74	5.88	1454451	22566154.000
02/21/2013	5.86	5.88	5.65	5.72	1357812	20816806.000
02/22/2013	5.72	5.78	5.65	5.76	1210186	18391984.000
02/25/2013	5.76	5.78	5.38	5.43	2859401	41848776.000
02/26/2013	5.24	5.40	5.11	5.35	4091352	57122124.000
02/27/2013	5.24	5.28	5.13	5.16	2227829	31042054.000
02/28/2013	5.13	5.23	5.13	5.22	1431150	19801658.000
03/01/2013	5.21	5.30	5.19	5.28	1368471	19189336.000
03/04/2013	5.26	5.26	5.08	5.11	1102077	15172222.000
03/05/2013	5.10	5.19	5.09	5.19	821919	11294301.000
03/06/2013	5.19	5.44	5.19	5.32	1255182	17788132.000
03/07/2013	5.26	5.35	5.17	5.18	1053283	14814600.000
03/08/2013	5.18	5.26	5.18	5.20	620951	8637293.000
03/11/2013	5.19	5.24	5.14	5.22	482850	6704860.000
03/12/2013	5.22	5.25	4.98	5.02	816275	11106571.000
03/13/2013	4.99	5.02	4.91	4.94	480084	6358077.500
03/14/2013	4.89	5.01	4.89	4.95	316116	4191638.000
03/15/2013	4.94	5.01	4.88	4.94	392149	5187441.500
03/18/2013	4.96	4.96	4.83	4.84	365957	4771088.500
03/19/2013	4.83	4.90	4.74	4.84	409984	5267206.500
03/20/2013	4.83	5.23	4.82	5.19	1957611	26392780.000
03/21/2013	5.13	5.20	5.10	5.14	1098145	15081873.000
03/22/2013	5.18	5.19	5.08	5.13	681033	9294004.000
03/25/2013	5.17	5.19	5.03	5.05	876012	11872736.000
03/26/2013	5.05	5.06	4.94	5.03	636865	8518623.000
03/27/2013	5.02	5.08	4.98	5.03	518095	6976730.000
03/28/2013	5.00	5.00	4.84	4.84	651653	8506908.000
03/29/2013	4.82	4.89	4.82	4.82	290345	3774407.000
04/01/2013	4.88	4.95	4.85	4.89	168198	2201566.500
04/02/2013	4.89	4.93	4.83	4.83	231437	3010775.500
04/03/2013	4.78	4.88	4.78	4.82	183902	2371828.750
04/08/2013	4.69	4.81	4.67	4.77	281877	3580277.750
04/09/2013	4.78	4.84	4.77	4.80	374071	4738386.500
04/10/2013	4.80	4.82	4.75	4.82	259879	3274238.250
04/11/2013	4.86	4.86	4.81	4.84	477165	6078651.000
04/12/2013	4.82	4.85	4.78	4.81	187415	2380808.750
04/15/2013	4.86	4.93	4.72	4.92	724998	9227235.000
04/16/2013	4.86	5.17	4.86	5.09	1365829	18240480.000
04/17/2013	5.05	5.09	4.99	5.08	632385	8385822.500
04/18/2013	5.05	5.08	5.01	5.01	479606	6366360.500
04/19/2013	5.07	5.15	5.02	5.14	915797	12296118.000
04/22/2013	5.14	5.14	5.07	5.13	765583	10296814.000
04/23/2013	5.15	5.30	5.11	5.12	1355960	18516524.000
04/24/2013	5.12	5.24	5.03	5.21	1150741	15644056.000
04/25/2013	5.21	5.22	5.11	5.15	804464	10941053.000
04/26/2013	5.12	5.18	5.09	5.11	485174	6554207.500
05/02/2013	5.11	5.23	5.05	5.18	825771	11254962.000
05/03/2013	5.20	5.34	5.19	5.31	1291121	17999656.000
05/06/2013	5.31	5.41	5.30	5.31	962907	13550715.000
05/07/2013	5.32	5.35	5.26	5.35	660066	9220512.000
05/08/2013	5.37	5.39	5.31	5.35	842555	11836101.000
05/09/2013	5.36	5.38	5.26	5.30	851699	11885125.000
05/10/2013	5.32	5.39	5.29	5.38	775764	10913675.000
05/13/2013	5.38	5.42	5.33	5.39	665566	9421319.000
05/14/2013	5.40	5.40	5.28	5.31	585150	8187599.000
05/15/2013	5.23	5.34	5.23	5.34	394883	5503571.000
05/16/2013	5.32	5.45	5.29	5.44	1170573	16644935.000
05/17/2013	5.51	5.51	5.39	5.48	1085199	15565732.000
05/20/2013	5.48	5.60	5.44	5.55	2123615	30881334.000
05/21/2013	5.55	5.65	5.53	5.61	1360449	19971180.000
05/22/2013	5.59	5.65	5.44	5.49	1193162	17431880.000
05/23/2013	5.46	5.56	5.38	5.38	996701	14345416.000
05/24/2013	5.39	5.52	5.38	5.51	682188	9800511.000
05/27/2013	5.51	5.62	5.48	5.56	1244644	18250740.000
05/28/2013	5.54	5.58	5.49	5.55	752714	10962097.000
05/29/2013	5.55	5.56	5.49	5.54	1071018	15565727.000
05/30/2013	5.52	5.54	5.44	5.51	992420	14281343.000
05/31/2013	5.50	5.59	5.47	5.57	1120305	16268762.000
06/03/2013	5.60	5.60	5.44	5.44	869331	12610694.000
06/04/2013	5.44	5.44	5.23	5.25	1144200	15936553.000
06/05/2013	5.28	5.34	5.25	5.28	663099	9246040.000
06/06/2013	5.28	5.31	5.23	5.23	306764	4254824.500
06/07/2013	5.23	5.29	5.19	5.21	451018	6202505.500
06/13/2013	5.13	5.17	4.98	5.07	402432	5347936.500
06/14/2013	5.07	5.14	5.01	5.14	489603	6551359.500
06/17/2013	5.15	5.19	5.07	5.13	484184	6542342.500
06/18/2013	5.13	5.20	5.06	5.18	416412	5628090.000
06/19/2013	5.16	5.22	5.09	5.22	506103	6867377.500
06/20/2013	5.17	5.74	5.17	5.34	2363309	33669816.000
06/21/2013	5.31	5.49	5.17	5.48	1648593	23231996.000
06/24/2013	5.56	5.56	5.10	5.20	2159641	30569700.000
06/25/2013	5.06	5.25	4.67	5.09	1857188	24110756.000
06/26/2013	5.08	5.15	4.96	5.08	1026030	13707258.000
06/27/2013	5.12	5.18	4.89	4.89	1051342	14025996.000
06/28/2013	4.78	4.95	4.74	4.81	712501	9072958.000
07/01/2013	4.82	4.93	4.78	4.93	681771	8709574.000
07/02/2013	4.90	4.97	4.85	4.97	1252282	16202822.000
07/03/2013	4.92	4.92	4.79	4.89	1047576	13403264.000
07/04/2013	4.87	5.04	4.79	4.99	1144308	14910311.000
07/05/2013	4.99	5.04	4.93	4.96	595489	7794170.500
07/08/2013	4.90	4.90	4.69	4.76	613251	7728493.000
07/09/2013	4.78	4.81	4.75	4.76	381263	4801387.000
07/10/2013	4.76	4.93	4.74	4.91	633489	8079975.500
07/11/2013	4.91	5.09	4.88	5.04	1292741	17129038.000
07/12/2013	5.03	5.06	4.99	4.99	853808	11283037.000
07/15/2013	4.96	5.08	4.96	5.06	904224	12002473.000
07/16/2013	5.06	5.13	5.02	5.11	825670	11031229.000
07/17/2013	5.11	5.12	4.98	4.99	812463	10800789.000
07/18/2013	5.00	5.06	4.96	5.01	600204	7936272.000
07/19/2013	5.01	5.16	4.99	4.99	1306476	17455156.000
07/22/2013	4.96	5.13	4.96	5.12	1122851	15038734.000
07/23/2013	5.15	5.48	5.13	5.43	3079440	43486380.000
07/24/2013	5.39	5.42	5.33	5.39	1080530	15244154.000
07/25/2013	5.39	5.63	5.34	5.41	1840111	26649298.000
07/26/2013	5.40	5.70	5.36	5.60	2267481	33159886.000
07/29/2013	5.60	5.60	5.42	5.47	1290087	18672566.000
07/30/2013	5.44	5.50	5.24	5.38	917090	12967979.000
07/31/2013	5.39	5.78	5.36	5.64	2286728	33812816.000
08/01/2013	5.70	5.74	5.60	5.73	2503204	37448644.000
08/02/2013	5.72	5.76	5.67	5.69	1682240	25218378.000
08/05/2013	5.65	5.80	5.63	5.69	1970666	29544944.000
08/06/2013	5.68	5.70	5.55	5.68	1908641	28333246.000
08/07/2013	5.64	6.05	5.55	5.84	3733019	56947428.000
08/08/2013	5.78	5.85	5.63	5.66	2578648	38990348.000
08/09/2013	5.66	5.77	5.56	5.69	1726333	25674980.000
08/12/2013	5.73	5.78	5.63	5.75	1892841	28392672.000
08/13/2013	5.76	5.89	5.69	5.88	2816996	43130392.000
08/14/2013	5.87	5.89	5.73	5.74	2112456	32158132.000
08/15/2013	5.75	5.76	5.62	5.63	1300113	19396086.000
08/16/2013	5.61	5.75	5.33	5.42	1950725	28610080.000
08/19/2013	5.43	5.56	5.43	5.56	1472393	21324190.000
08/20/2013	5.56	5.58	5.41	5.44	1600124	23091950.000
08/21/2013	5.49	5.82	5.48	5.80	3176400	47846620.000
08/22/2013	5.80	5.87	5.73	5.80	1964073	29882574.000
08/23/2013	5.80	6.01	5.62	5.84	3595547	55135588.000
08/26/2013	5.72	6.11	5.71	6.11	4415568	68594616.000
08/27/2013	6.07	6.12	5.97	6.05	2979129	47265160.000
08/28/2013	6.02	6.39	5.97	6.15	4767766	77822128.000
08/29/2013	6.14	6.26	6.09	6.16	1953485	31640832.000
08/30/2013	6.15	6.27	5.92	5.98	2671753	42458608.000
09/02/2013	5.94	6.46	5.93	6.46	4074618	67402200.000
09/03/2013	6.48	6.66	6.38	6.45	3796217	64604216.000
09/04/2013	6.41	6.64	6.41	6.44	2594677	44414468.000
09/05/2013	6.46	6.54	6.36	6.42	2076626	35044404.000
09/06/2013	6.42	6.54	6.33	6.46	1855633	31406928.000
09/09/2013	6.48	6.51	6.33	6.41	1880700	31551772.000
09/10/2013	6.38	6.46	6.23	6.30	2218919	36821544.000
09/11/2013	6.29	6.34	6.15	6.19	1409158	23017744.000
09/12/2013	6.17	6.42	6.15	6.39	2057388	34140944.000
09/13/2013	6.41	6.41	6.28	6.30	1510885	25157654.000
09/16/2013	6.31	6.46	6.26	6.29	1599611	26715068.000
09/17/2013	6.30	6.41	6.22	6.22	1399030	23291408.000
09/18/2013	6.23	6.26	6.09	6.23	1564337	25406018.000
09/23/2013	6.19	6.45	6.09	6.41	3143085	51336572.000
09/24/2013	6.36	6.52	6.30	6.48	2758980	46396220.000
09/25/2013	6.48	6.73	6.42	6.46	3656793	63084472.000
09/26/2013	6.47	6.47	6.13	6.17	3139104	51603304.000
09/27/2013	6.16	6.27	6.15	6.19	792513	12923764.000
09/30/2013	6.18	6.32	6.15	6.24	1232674	20149876.000
10/08/2013	6.16	6.34	6.15	6.34	1268767	20861608.000
10/09/2013	6.35	6.52	6.34	6.44	1905122	32208392.000
10/10/2013	6.47	6.47	6.36	6.38	1257865	21135638.000
10/11/2013	6.42	6.65	6.40	6.46	2153490	36754560.000
10/14/2013	6.45	6.76	6.44	6.64	3165503	55280636.000
10/15/2013	6.36	6.40	6.17	6.31	6745391	111528408.000
10/16/2013	6.25	6.28	5.98	6.13	2897487	46727052.000
10/17/2013	6.16	6.75	6.16	6.47	7612581	128741816.000
10/18/2013	6.45	6.59	6.40	6.47	2353061	40094244.000
10/21/2013	6.48	6.55	6.38	6.49	3004339	51033516.000
10/22/2013	6.48	6.71	6.46	6.53	3274533	56589488.000
10/23/2013	6.63	6.63	6.19	6.26	3607481	60167992.000
10/24/2013	6.28	6.29	6.16	6.23	1060934	17375708.000
10/25/2013	6.21	6.36	5.98	6.08	1725840	27798992.000
10/28/2013	6.09	6.21	6.09	6.16	1157312	18692494.000
10/29/2013	6.19	6.19	5.68	5.78	2823934	43610588.000
10/30/2013	5.78	5.93	5.75	5.90	1295531	19838096.000
10/31/2013	5.81	5.85	5.70	5.71	1473643	22363408.000
11/01/2013	5.69	5.82	5.66	5.75	895788	13530819.000
11/04/2013	5.75	5.87	5.75	5.85	804413	12323858.000
11/05/2013	5.80	5.93	5.74	5.90	871177	13376071.000
11/06/2013	5.86	5.94	5.77	5.79	1092845	16868838.000
11/07/2013	5.77	5.77	5.56	5.57	1446035	21540166.000
11/08/2013	5.53	5.57	5.45	5.47	870387	12604772.000
11/11/2013	5.52	5.65	5.45	5.62	695904	10212068.000
11/12/2013	5.62	5.93	5.62	5.90	2254331	34465740.000
11/13/2013	5.84	5.89	5.75	5.76	868128	13251822.000
11/14/2013	5.79	6.03	5.75	5.97	1586861	24826366.000
11/15/2013	5.95	6.13	5.95	6.04	2060136	32852276.000
11/18/2013	6.09	6.21	6.06	6.13	1522119	24563552.000
11/19/2013	6.13	6.18	6.04	6.09	1357793	21770154.000
11/20/2013	6.11	6.16	6.08	6.13	1054432	16961390.000
11/21/2013	6.11	6.11	5.99	6.06	1241031	19704464.000
11/22/2013	6.07	6.14	6.02	6.05	1139891	18223834.000
11/25/2013	6.09	6.28	6.06	6.24	1906319	31133316.000
11/26/2013	6.23	6.35	6.18	6.29	2302290	38005992.000
11/27/2013	6.24	6.38	6.21	6.34	2349416	39021620.000
11/28/2013	6.33	6.57	6.30	6.54	3982233	67760424.000
11/29/2013	6.54	6.96	6.51	6.81	5771418	102952272.000
12/02/2013	6.63	6.63	6.13	6.21	5819635	97329424.000
12/03/2013	6.16	6.79	6.16	6.66	5193970	88639824.000
12/04/2013	6.66	7.20	6.63	6.83	6985353	127601088.000
12/05/2013	6.79	7.08	6.79	6.88	4621404	83717736.000
12/06/2013	6.90	7.16	6.83	6.86	4260123	78075320.000
12/09/2013	6.89	7.24	6.75	7.24	5082196	93748536.000
12/10/2013	7.23	7.41	7.05	7.19	5895733	111521664.000
12/11/2013	7.09	7.15	6.95	7.09	3268418	60397712.000
12/12/2013	7.03	7.23	7.00	7.15	3060761	57171928.000
12/13/2013	7.16	7.16	6.97	7.00	2772824	51328708.000
12/16/2013	7.00	7.04	6.70	6.76	3400448	60973564.000
12/17/2013	6.76	6.84	6.71	6.73	1605475	28496922.000
12/18/2013	6.73	6.84	6.68	6.74	1316914	23361202.000
12/19/2013	6.79	6.92	6.73	6.88	2592282	46643016.000
12/20/2013	6.90	7.01	6.71	6.84	3762682	68065816.000
12/23/2013	6.85	6.85	6.48	6.53	2533224	44327292.000
12/24/2013	6.57	6.73	6.51	6.65	2771467	48212580.000
12/25/2013	6.67	7.12	6.66	7.10	5185664	94356472.000
12/26/2013	7.10	7.10	6.78	6.78	4396848	80187152.000
12/27/2013	6.77	7.12	6.71	7.03	3898191	71094144.000
12/30/2013	7.03	7.31	6.98	7.20	4790684	90107256.000
12/31/2013	7.15	7.19	6.89	7.01	3459644	63667220.000
01/02/2014	7.03	7.22	6.94	7.18	2909962	54355516.000
01/03/2014	7.14	7.16	6.76	6.77	5015268	91315056.000
01/06/2014	6.75	6.76	6.29	6.36	4228574	72070952.000
01/07/2014	6.28	6.41	6.24	6.33	2040196	33903292.000
01/08/2014	6.36	6.44	6.25	6.28	2237967	37160896.000
01/09/2014	6.28	6.32	6.06	6.07	2616774	42579728.000
01/10/2014	6.03	6.04	5.91	5.97	1894452	29749472.000
01/13/2014	5.97	6.05	5.96	6.03	1441319	22741198.000
01/14/2014	6.03	6.21	6.00	6.20	1958708	31454476.000
01/15/2014	6.20	6.21	6.10	6.21	1512532	24433372.000
01/16/2014	6.23	6.24	6.15	6.22	1376193	22420592.000
01/17/2014	6.23	6.34	6.18	6.23	1712485	28139566.000
01/20/2014	6.21	6.26	5.93	5.94	1711106	27173404.000
01/21/2014	5.94	6.11	5.94	6.11	1331216	21196566.000
01/22/2014	6.11	6.27	6.11	6.24	1593323	26039810.000
01/23/2014	6.27	6.33	6.20	6.26	1893488	31077768.000
01/24/2014	6.26	6.39	6.24	6.34	2349864	39127504.000
01/27/2014	6.36	6.57	6.35	6.51	2905419	49609324.000
01/28/2014	6.48	6.54	6.32	6.40	1909380	32105138.000
01/29/2014	6.39	6.48	6.39	6.46	1009873	17062376.000
01/30/2014	6.46	6.49	6.32	6.36	1091352	18375132.000
02/07/2014	6.31	6.46	6.24	6.46	1281683	21411296.000
02/10/2014	6.47	6.70	6.47	6.65	2411417	41969404.000
02/11/2014	6.65	6.69	6.53	6.67	2129853	37096112.000
02/12/2014	6.67	6.81	6.64	6.79	2130293	37645828.000
02/13/2014	6.79	6.79	6.55	6.55	2286154	40001696.000
02/14/2014	6.54	6.80	6.54	6.78	1966116	34620340.000
02/17/2014	6.81	6.92	6.79	6.84	2463061	44213120.000
02/18/2014	6.84	6.96	6.78	6.81	2445279	43993892.000
02/19/2014	6.79	6.84	6.70	6.77	2216903	39289644.000
02/20/2014	6.79	6.83	6.59	6.59	1925935	33726352.000
02/21/2014	6.61	7.01	6.60	6.86	4887930	87878128.000
02/24/2014	6.82	6.93	6.63	6.88	3225461	57548372.000
02/25/2014	6.89	6.99	6.21	6.30	3858869	67534792.000
02/26/2014	6.29	6.37	6.10	6.36	2257331	37150964.000
02/27/2014	6.33	6.43	6.09	6.13	2494528	41017988.000
02/28/2014	6.20	6.33	6.13	6.33	1286929	21088720.000
03/03/2014	6.32	6.46	6.28	6.43	1576581	26512900.000
03/04/2014	6.39	6.39	6.21	6.37	1469756	24405696.000
03/05/2014	6.41	6.48	6.36	6.39	1219096	20542032.000
03/06/2014	6.36	6.43	6.26	6.39	1183173	19780294.000
03/07/2014	6.41	6.42	6.26	6.27	1157185	19248540.000
03/10/2014	6.27	6.43	6.23	6.23	1728228	28752858.000
03/11/2014	6.21	6.43	6.21	6.38	1367245	22739156.000
03/12/2014	6.34	6.38	6.11	6.21	1446896	23756762.000
03/13/2014	6.21	6.30	6.21	6.21	814076	13367437.000
03/14/2014	6.22	6.74	6.21	6.63	3996408	68791784.000
03/17/2014	6.71	6.71	6.51	6.67	2892951	50425000.000
03/18/2014	6.59	6.59	6.46	6.55	3384984	58018140.000
03/19/2014	6.51	6.73	6.32	6.72	4212097	71830960.000
03/20/2014	6.59	6.69	6.47	6.47	2935555	50862604.000
03/21/2014	6.43	6.59	6.32	6.53	1695270	28776622.000
03/24/2014	6.53	6.93	6.50	6.86	5853608	104397656.000
03/25/2014	6.85	6.97	6.74	6.80	3315678	59500824.000
03/26/2014	6.80	6.88	6.68	6.79	2084298	36915964.000
03/27/2014	6.88	6.95	6.76	6.76	3126309	56287272.000
03/28/2014	6.70	6.71	6.22	6.24	4108116	69046608.000
03/31/2014	6.24	6.32	6.17	6.22	1283736	21027366.000
04/01/2014	6.23	6.31	6.23	6.30	801192	13189910.000
04/02/2014	6.31	6.38	6.23	6.27	1052495	17433492.000
04/03/2014	6.26	6.32	6.14	6.23	1320753	21493498.000
04/04/2014	6.23	6.32	6.21	6.29	699533	11531121.000
04/08/2014	6.25	6.36	6.23	6.34	1070781	17746816.000
04/09/2014	6.36	6.44	6.33	6.35	1017160	17036764.000
04/10/2014	6.38	6.42	6.36	6.36	1183613	19836068.000
04/11/2014	6.36	6.37	6.27	6.30	1170021	19363148.000
04/14/2014	6.30	6.38	6.23	6.38	848774	14058361.000
04/15/2014	6.38	6.38	6.28	6.31	646124	10739468.000
04/16/2014	6.30	6.35	6.29	6.34	599741	9948250.000
04/17/2014	6.35	6.39	6.32	6.33	696908	11623691.000
04/18/2014	6.32	6.39	6.29	6.38	718794	11994570.000
04/21/2014	6.34	6.40	6.32	6.34	1121397	18766006.000
04/22/2014	6.30	6.63	6.13	6.61	3072173	51526848.000
04/23/2014	6.54	6.69	6.47	6.50	3997912	69042072.000
04/24/2014	6.50	6.50	6.26	6.26	1873611	31088068.000
04/25/2014	6.27	6.31	6.17	6.17	691850	11347162.000
04/28/2014	6.14	6.14	5.89	5.91	1247848	19581640.000
04/29/2014	5.91	6.00	5.84	5.96	799949	12412969.000
04/30/2014	5.96	6.08	5.96	6.04	467178	7402721.000
05/05/2014	6.01	6.14	6.01	6.08	623468	9994752.000
05/06/2014	6.11	6.12	6.03	6.05	1026651	16362428.000
05/07/2014	6.03	6.07	5.91	5.92	597505	9452548.000
05/08/2014	5.90	6.09	5.90	6.00	946936	14940422.000
05/09/2014	5.97	6.01	5.82	5.89	834315	12907966.000
05/12/2014	5.93	6.13	5.92	6.08	963006	15229273.000
05/13/2014	6.08	6.08	5.99	6.05	625130	9924982.000
05/14/2014	6.02	6.06	6.01	6.05	350362	5554731.000
05/15/2014	6.02	6.03	5.86	5.91	711513	11097569.000
05/16/2014	5.91	5.97	5.88	5.96	433117	6737928.000
05/19/2014	5.93	5.95	5.86	5.92	378548	5866819.500
05/20/2014	5.90	6.00	5.90	5.92	457761	7163431.500
05/21/2014	5.92	6.03	5.87	5.95	488144	7629679.500
05/22/2014	5.96	6.04	5.93	5.95	898829	10794563.000
05/23/2014	5.98	5.98	5.83	5.92	641257	7580439.500
05/26/2014	5.95	5.99	5.88	5.98	679029	8105549.500
05/27/2014	5.98	6.05	5.93	5.96	820388	9872913.000
05/28/2014	5.96	6.00	5.92	5.99	1162031	13903137.000
05/29/2014	5.99	6.01	5.83	5.85	1059948	12598054.000
05/30/2014	5.84	5.87	5.81	5.82	699974	8206160.000
06/03/2014	5.82	5.86	5.80	5.81	871787	10190211.000
06/04/2014	5.81	5.84	5.64	5.66	1056049	12065524.000
06/05/2014	5.64	5.81	5.63	5.78	1104888	12694004.000
06/06/2014	5.78	5.89	5.74	5.87	891916	10399232.000
06/09/2014	5.84	6.09	5.78	6.07	2100081	25034944.000
06/10/2014	6.02	6.16	5.98	6.08	4777298	58441132.000
06/11/2014	6.01	6.04	5.92	5.98	1854253	22202340.000
06/12/2014	6.00	6.01	5.93	5.95	808642	9680428.000
06/13/2014	5.92	6.05	5.92	6.01	1304273	15715968.000
06/16/2014	6.03	6.05	5.99	6.02	798628	9638071.000
06/17/2014	6.01	6.03	5.94	5.96	716058	8581406.000
06/18/2014	5.93	5.95	5.77	5.78	1020543	11985627.000
06/19/2014	5.79	5.86	5.67	5.68	808009	9338778.000
06/20/2014	5.75	5.75	5.67	5.73	647452	7417530.500
06/23/2014	5.73	5.79	5.73	5.78	831498	9624919.000
06/24/2014	5.77	5.84	5.74	5.78	793774	9247176.000
06/25/2014	5.78	5.82	5.76	5.80	623425	7246904.500
06/26/2014	5.78	5.94	5.78	5.90	1149210	13600793.000
06/27/2014	5.92	5.98	5.89	5.93	1045502	12469639.000
06/30/2014	5.91	6.00	5.91	5.97	1187403	14216002.000
07/01/2014	5.94	6.04	5.94	6.03	1385976	16735890.000
07/02/2014	6.04	6.06	5.97	6.02	1198650	14462541.000
07/03/2014	6.01	6.11	6.00	6.04	1273475	15505920.000
07/04/2014	6.04	6.14	6.03	6.09	1511453	18492906.000
07/07/2014	6.09	6.12	6.00	6.03	1328761	16140281.000
07/08/2014	6.02	6.12	6.01	6.12	1275214	15532502.000
07/09/2014	6.10	6.13	6.00	6.00	1743658	21286934.000
07/10/2014	5.99	6.07	5.98	6.03	783793	9484982.000
07/11/2014	6.01	6.25	6.01	6.22	2350691	29128422.000
07/14/2014	6.22	6.35	6.16	6.31	2053821	25777312.000
07/15/2014	6.31	6.32	6.18	6.25	1493556	18749080.000
07/16/2014	6.24	6.30	6.16	6.19	888555	11099199.000
07/17/2014	6.19	6.21	6.10	6.13	1135851	14016055.000
07/18/2014	6.13	6.25	6.13	6.20	986797	12273089.000
07/21/2014	6.23	6.26	6.15	6.21	796570	9913526.000
07/22/2014	6.19	6.25	6.17	6.22	1176118	14680594.000
07/23/2014	6.21	6.24	6.08	6.09	1017564	12562229.000
07/24/2014	6.06	6.14	6.06	6.12	967217	11839279.000
07/25/2014	6.11	6.17	6.09	6.14	1016416	12498857.000
07/28/2014	6.13	6.31	6.11	6.27	2040221	25437958.000
07/29/2014	6.27	6.47	6.24	6.41	2872192	36664944.000
07/30/2014	6.40	6.43	6.34	6.43	1515050	19416324.000
07/31/2014	6.43	6.47	6.35	6.41	1112378	14294787.000
08/01/2014	6.42	6.42	6.28	6.28	1970590	25141378.000
08/04/2014	6.31	6.38	6.28	6.38	1642269	20904002.000
08/05/2014	6.38	6.47	6.34	6.47	1946505	25013020.000
08/06/2014	6.44	6.54	6.42	6.46	2049137	26684196.000
08/07/2014	6.46	6.65	6.43	6.52	3813001	50276544.000
08/08/2014	6.95	7.18	6.73	6.88	9532954	131950160.000
08/11/2014	6.81	7.30	6.76	7.07	9264823	131165496.000
08/12/2014	6.97	7.03	6.84	6.91	5314399	73641040.000
08/13/2014	6.95	7.05	6.77	6.90	3774950	52226188.000
08/14/2014	6.84	6.90	6.76	6.76	2926607	40071536.000
08/15/2014	6.76	6.86	6.76	6.84	2193291	30000900.000
08/18/2014	6.87	6.93	6.83	6.93	2735880	37836948.000
08/19/2014	6.94	7.02	6.87	6.92	3208455	44753576.000
08/20/2014	6.91	6.99	6.83	6.96	2632608	36468412.000
08/21/2014	6.95	6.95	6.76	6.82	2966530	40609316.000
08/22/2014	6.81	6.88	6.78	6.86	1853501	25430946.000
08/25/2014	6.86	6.89	6.73	6.73	2579849	35081984.000
08/26/2014	6.72	6.77	6.51	6.55	2620571	34799304.000
08/27/2014	6.53	6.61	6.53	6.59	1235026	16309240.000
08/28/2014	6.58	6.64	6.52	6.61	1581464	20901928.000
08/29/2014	6.58	6.68	6.57	6.67	1337992	17822876.000
09/01/2014	6.68	6.82	6.68	6.81	1726144	23417764.000
09/02/2014	6.80	6.88	6.79	6.88	2577881	35330948.000
09/03/2014	6.87	6.91	6.83	6.87	2258996	31133618.000
09/04/2014	6.86	6.97	6.84	6.94	2614755	36357984.000
09/05/2014	6.96	6.99	6.88	6.93	1771839	24590864.000
09/09/2014	6.93	7.02	6.93	6.99	2531175	35456736.000
09/10/2014	6.95	7.00	6.89	6.98	2068222	28814700.000
09/11/2014	6.98	7.08	6.89	6.93	3578976	50199572.000
09/12/2014	6.89	7.05	6.86	7.05	3026961	42252284.000
09/15/2014	7.05	7.28	7.05	7.22	5228202	75365912.000
09/16/2014	7.25	7.26	6.91	6.92	4232699	60357064.000
09/17/2014	6.94	7.17	6.87	7.13	3208458	44965784.000
09/18/2014	7.13	7.56	7.09	7.50	8694013	129010928.000
09/19/2014	7.45	7.51	7.35	7.47	4122529	61452956.000
09/22/2014	7.55	7.79	7.46	7.50	6919814	105688392.000
09/23/2014	7.54	7.62	7.42	7.59	3273036	49397248.000
09/24/2014	7.59	8.35	7.53	7.79	7750929	121918728.000
09/25/2014	7.85	8.03	7.66	7.73	4108646	64824360.000
09/26/2014	7.68	7.93	7.63	7.74	2861301	44505460.000
09/29/2014	7.76	7.97	7.74	7.93	3556719	55859000.000
09/30/2014	7.93	7.98	7.86	7.96	3006733	47725020.000
10/08/2014	8.20	8.45	8.08	8.18	6322390	103971368.000
10/09/2014	8.21	8.23	7.95	8.12	4863333	78691600.000
10/10/2014	8.12	8.31	8.03	8.27	4430617	72928176.000
10/13/2014	8.28	8.45	8.12	8.30	7721076	128626944.000
10/14/2014	8.25	8.37	8.13	8.14	3923319	64915096.000
10/15/2014	8.12	8.12	7.88	8.00	3991591	64148700.000
10/16/2014	7.93	8.21	7.91	7.98	3452897	55996532.000
10/17/2014	7.98	8.05	7.74	7.89	3478522	55037576.000
10/20/2014	7.83	8.06	7.82	8.04	2820045	45027108.000
10/21/2014	8.01	8.19	7.99	8.08	3200864	52169740.000
10/22/2014	8.08	8.17	7.94	7.95	2691300	43531852.000
10/23/2014	7.89	7.89	7.62	7.66	3255406	50454096.000
10/24/2014	7.72	7.87	7.64	7.73	2105288	32712930.000
10/27/2014	7.68	7.80	7.62	7.77	1422308	22030246.000
10/28/2014	7.75	8.05	7.75	8.02	3881654	61913688.000
10/29/2014	8.05	8.10	7.97	8.08	3837398	61891084.000
10/30/2014	8.06	8.10	7.99	8.07	2696964	43537184.000
10/31/2014	8.07	8.10	7.95	8.02	2217172	35652200.000
11/03/2014	8.02	8.20	8.01	8.16	3140057	51181756.000
11/04/2014	8.13	8.21	8.07	8.08	2493228	40652212.000
11/05/2014	8.10	8.13	8.00	8.04	1702328	27492088.000
11/06/2014	8.03	8.16	8.01	8.13	2334680	37827964.000
11/07/2014	8.11	8.15	7.93	7.95	3082916	49853272.000
11/10/2014	7.95	8.00	7.75	7.84	3750190	59053920.000
11/11/2014	7.84	7.84	7.43	7.47	3976133	60666588.000
11/12/2014	7.51	7.64	7.47	7.64	1502787	22810462.000
11/13/2014	7.61	7.64	7.46	7.48	1748797	26349112.000
11/14/2014	7.40	7.52	7.38	7.47	1341716	20076684.000
11/17/2014	7.52	7.70	7.43	7.64	1874282	28550238.000
11/18/2014	7.58	7.67	7.57	7.62	1116862	17034852.000
11/19/2014	7.64	7.64	7.54	7.60	1231431	18739212.000
11/20/2014	7.54	7.59	7.50	7.52	961511	14532110.000
11/21/2014	7.52	8.03	7.49	7.97	4250215	65904576.000
11/24/2014	7.95	8.11	7.90	8.01	5860483	94037024.000
11/25/2014	7.97	7.98	7.89	7.98	2637408	41973668.000
11/26/2014	7.98	8.11	7.93	8.02	2518107	40483324.000
11/27/2014	8.03	8.18	8.00	8.12	3834030	62241252.000
11/28/2014	8.08	8.23	7.90	7.98	3815400	61397492.000
12/01/2014	7.97	7.98	7.78	7.80	2789250	43878492.000
12/02/2014	7.81	8.02	7.81	7.88	2295946	36515888.000
12/03/2014	7.87	7.98	7.73	7.98	3179787	49911708.000
12/04/2014	7.98	8.02	7.94	8.01	3073317	49224492.000
12/05/2014	8.01	8.01	7.55	7.63	3918126	60833928.000
12/08/2014	7.58	7.69	7.51	7.54	3063337	46544272.000
12/09/2014	7.51	7.52	7.11	7.11	4040091	59313084.000
12/10/2014	7.13	7.34	7.13	7.34	1600200	23301412.000
12/11/2014	7.26	7.37	7.23	7.35	1553771	22806012.000
12/12/2014	7.35	7.48	7.33	7.45	1800418	26680192.000
12/15/2014	7.46	7.58	7.45	7.56	2043582	30873158.000
12/16/2014	7.56	7.57	7.43	7.45	1854060	27841198.000
12/17/2014	7.43	7.45	7.24	7.35	1528279	22467172.000
12/18/2014	7.33	7.33	7.23	7.27	1600292	23349730.000
12/19/2014	7.28	7.28	7.00	7.04	2539564	36135424.000
12/22/2014	7.05	7.07	6.58	6.67	2556922	34643480.000
12/23/2014	6.67	6.88	6.67	6.75	1500698	20425660.000
12/24/2014	6.82	6.91	6.78	6.88	1209330	16630225.000
12/25/2014	6.88	6.95	6.86	6.91	1350315	18723526.000
12/26/2014	6.91	7.07	6.88	6.92	1617712	22569594.000
12/29/2014	6.91	6.91	6.65	6.66	2109193	28418874.000
12/30/2014	6.74	6.91	6.71	6.78	1502313	20552414.000
12/31/2014	6.73	6.80	6.68	6.78	1109580	15006831.000
01/05/2015	6.78	6.94	6.75	6.91	1626409	22450836.000
01/06/2015	6.88	7.06	6.84	7.04	2076470	29025224.000
01/07/2015	7.02	7.04	6.90	6.97	1397645	19519128.000
01/08/2015	6.97	7.02	6.93	6.97	1118999	15658474.000
01/09/2015	6.95	7.05	6.88	6.89	1275329	17877600.000
01/12/2015	6.85	6.86	6.71	6.73	1097947	14899112.000
01/13/2015	6.74	6.95	6.74	6.94	1106097	15204258.000
01/14/2015	6.98	6.99	6.86	6.89	963134	13391660.000
01/15/2015	6.92	7.06	6.85	6.98	975580	13653335.000
01/16/2015	6.98	7.05	6.98	7.03	1195087	16826860.000
01/19/2015	6.85	7.18	6.83	6.92	2322180	32674798.000
01/20/2015	6.95	7.18	6.95	7.17	2216220	31585680.000
01/21/2015	7.14	7.32	7.14	7.29	2712032	39503240.000
01/22/2015	7.28	7.41	7.25	7.39	2346285	34521860.000
01/23/2015	7.39	7.44	7.25	7.27	1830225	26871748.000
01/26/2015	7.23	7.46	7.22	7.43	2009136	29846764.000
01/27/2015	7.44	7.47	7.31	7.38	1984309	29420814.000
01/28/2015	7.39	7.46	7.34	7.38	1583373	23497148.000
01/29/2015	7.27	7.40	7.27	7.34	1071331	15780432.000
01/30/2015	7.37	7.40	7.25	7.30	1235191	18135848.000
02/02/2015	7.26	7.26	7.13	7.19	2000530	28807470.000
02/03/2015	7.25	7.35	7.22	7.30	1746850	25559368.000
02/04/2015	7.31	7.31	7.19	7.20	1634824	23759728.000
02/05/2015	7.26	7.30	7.16	7.16	1396413	20178470.000
02/06/2015	7.16	7.16	7.04	7.04	1025883	14604366.000
02/09/2015	7.02	7.12	6.99	7.03	891161	12615646.000
02/10/2015	7.03	7.09	6.98	7.09	908827	12832050.000
02/11/2015	7.10	7.23	7.09	7.23	898097	12903554.000
02/12/2015	7.23	7.29	7.19	7.25	1296081	18820012.000
02/13/2015	7.28	7.39	7.26	7.35	1845297	27191402.000
02/16/2015	7.38	7.59	7.37	7.54	2956029	44461128.000
02/17/2015	7.62	7.62	7.48	7.50	1535506	23125892.000
02/25/2015	7.50	7.57	7.44	7.47	1430781	21534652.000
02/26/2015	7.50	7.60	7.45	7.54	1637105	24721060.000
02/27/2015	7.56	7.62	7.52	7.62	1577787	23976878.000
03/02/2015	7.66	7.83	7.62	7.80	2518768	39010844.000
03/03/2015	7.73	7.78	7.64	7.65	2481110	38270924.000
03/04/2015	7.64	7.82	7.64	7.79	2551105	39708564.000
03/05/2015	7.83	7.92	7.74	7.83	4022601	63174540.000
03/06/2015	8.42	8.61	8.25	8.61	7429090	127380760.000
03/09/2015	8.61	8.61	8.25	8.38	10162480	171284288.000
03/10/2015	8.27	8.62	8.25	8.33	7512670	126971680.000
03/11/2015	8.19	8.38	8.00	8.09	12707247	206795952.000
03/12/2015	8.11	8.17	8.02	8.11	4670919	75911912.000
03/13/2015	8.12	8.21	8.12	8.20	4525068	74087880.000
03/16/2015	8.26	8.46	8.24	8.45	6824260	114458520.000
03/17/2015	8.45	8.52	8.36	8.51	9121776	154170016.000
03/18/2015	8.49	8.88	8.49	8.77	8183015	143239680.000
03/19/2015	8.77	8.79	8.60	8.75	7555044	132047224.000
03/20/2015	8.75	9.06	8.71	9.00	7473298	133880360.000
03/23/2015	9.13	9.62	9.13	9.52	9680860	182307840.000
03/24/2015	9.57	9.58	9.04	9.43	9237661	172654672.000
03/25/2015	9.42	9.91	9.26	9.75	10673954	205452784.000
03/26/2015	9.64	10.33	9.61	9.98	10931411	218898944.000
03/27/2015	10.00	10.04	9.74	9.98	6657888	131915560.000
03/30/2015	10.03	10.08	9.77	9.84	6667618	132352104.000
03/31/2015	9.88	10.17	9.72	9.95	7427245	147958688.000
04/01/2015	10.95	10.95	10.95	10.95	6047089	132733600.000
04/02/2015	11.94	12.05	11.59	12.05	28501943	686827136.000
04/03/2015	12.06	13.17	11.88	12.93	35850089	891540672.000
04/07/2015	12.97	14.22	12.60	14.22	27701743	736298496.000
04/08/2015	14.68	15.38	13.78	13.82	33163420	962174528.000
04/09/2015	13.42	14.97	12.46	14.53	65032574	892682048.000
04/10/2015	14.14	14.48	13.78	14.09	42512819	602944896.000
04/13/2015	13.98	13.98	13.38	13.64	33840977	463274528.000
04/14/2015	13.58	13.58	13.00	13.36	26312668	350772800.000
04/15/2015	13.36	14.70	13.36	13.83	47558906	670372096.000
04/16/2015	13.72	13.75	12.45	13.37	22299173	295028480.000
04/17/2015	13.43	14.30	13.06	13.51	35112922	481320416.000
05/15/2015	14.86	14.86	13.68	14.86	38814985	574870016.000
05/18/2015	15.47	16.35	15.16	15.88	64052442	1016284928.000
05/19/2015	15.89	17.42	14.70	16.52	60570437	975143616.000
05/20/2015	16.88	18.17	16.58	18.17	48114432	852755712.000
05/21/2015	18.86	19.99	18.58	19.99	23017486	445372544.000
05/22/2015	21.99	21.99	20.85	21.99	40925193	887966528.000
05/25/2015	23.28	24.19	22.56	24.19	15970718	377821632.000
05/26/2015	26.61	26.61	26.61	26.61	1709935	45535568.000
05/27/2015	29.27	29.27	25.86	26.98	66022125	1822098560.000
05/28/2015	26.28	29.68	25.78	26.62	61298976	1710759296.000
05/29/2015	24.48	28.08	23.96	25.58	45606307	1178519296.000
06/01/2015	24.93	25.98	24.33	25.29	36321382	918211776.000
06/02/2015	25.13	27.82	24.94	27.82	26974210	725396608.000
06/03/2015	29.28	29.95	25.86	25.86	39438131	1087332480.000
06/04/2015	25.93	27.36	23.37	26.23	32524861	837637888.000
06/05/2015	26.60	28.86	26.46	27.48	40774164	1134024448.000
06/08/2015	26.78	26.78	24.98	25.53	24202931	624950784.000
06/09/2015	24.98	26.95	24.48	25.86	21915797	562147968.000
06/10/2015	25.86	27.33	25.08	26.38	20060757	531776096.000
06/11/2015	26.51	29.02	26.51	29.02	34138747	946713728.000
06/12/2015	29.67	31.92	29.29	31.92	19847459	611546240.000
06/15/2015	33.48	33.98	30.87	32.06	37165192	1219931648.000
06/16/2015	30.38	31.98	28.88	29.88	24430391	742316800.000
06/17/2015	29.99	31.88	29.99	31.23	23072415	717068672.000
06/18/2015	30.98	34.28	30.39	31.92	23594650	768602816.000
06/19/2015	30.58	32.58	28.73	28.73	17208779	524360192.000
06/23/2015	27.88	29.31	25.86	26.46	23479543	621760640.000
06/24/2015	26.98	29.11	25.79	29.11	28537826	780006464.000
06/25/2015	29.28	29.66	26.98	27.33	27279851	781813952.000
06/26/2015	25.49	26.28	24.60	24.60	12652985	316397248.000
06/29/2015	24.97	25.00	22.14	22.14	17330450	391748128.000
06/30/2015	20.18	23.53	19.92	22.36	26990751	576369536.000
07/01/2015	21.28	22.80	20.12	20.12	16667405	354498784.000
07/02/2015	19.29	19.29	18.11	18.11	16087946	293815008.000
07/03/2015	16.30	18.07	16.30	16.30	10981300	180836016.000
07/06/2015	16.98	17.76	14.67	14.67	22910258	356324288.000
07/07/2015	13.20	13.20	13.20	13.20	3328000	43996160.000
07/20/2015	14.52	14.52	14.52	14.52	467630	6799340.000
07/21/2015	15.97	15.97	15.58	15.97	20408568	326171744.000
07/22/2015	16.94	17.57	16.67	17.57	30700926	534303776.000
07/23/2015	18.26	19.32	17.18	18.89	51045090	929296512.000
07/24/2015	18.28	20.28	18.00	19.09	46503689	880593280.000
07/27/2015	18.48	20.18	17.18	17.18	46131581	882055552.000
07/28/2015	15.66	17.48	15.46	15.46	31866273	508340800.000
07/29/2015	15.96	16.38	13.98	16.38	28348059	436651840.000
07/30/2015	15.92	16.34	14.78	14.79	24506747	387298592.000
07/31/2015	14.16	14.75	13.37	13.70	20093244	283865120.000
08/03/2015	12.98	13.39	12.33	12.33	21700273	274637664.000
08/04/2015	12.68	13.57	12.48	13.57	13392671	179254288.000
08/05/2015	14.93	14.93	14.81	14.93	23906576	357368256.000
08/06/2015	14.43	14.74	14.01	14.45	33581069	484040192.000
08/07/2015	14.59	15.36	14.38	15.13	34166615	512017152.000
08/10/2015	15.08	16.58	14.89	16.25	34464141	536529248.000
08/11/2015	15.98	17.38	15.70	16.68	37715034	621381056.000
08/12/2015	16.68	17.48	15.79	15.89	33552074	561496832.000
08/13/2015	15.28	16.39	14.98	16.37	29772044	464552448.000
08/14/2015	16.48	16.76	15.99	16.07	25968844	425806944.000
08/17/2015	15.78	16.43	15.18	16.28	24470042	384539424.000
08/18/2015	16.26	16.67	14.65	14.65	31106986	496630592.000
08/19/2015	13.95	15.22	13.19	14.89	25051863	352849120.000
08/20/2015	14.86	14.91	13.86	13.99	15461984	223751888.000
08/21/2015	13.59	13.96	12.73	12.96	16989864	226925664.000
08/24/2015	12.09	12.48	11.66	11.66	11184327	132350192.000
08/25/2015	10.49	10.76	10.49	10.49	9974916	105400648.000
08/26/2015	10.26	10.93	9.44	9.44	19605807	198736736.000
08/27/2015	9.78	10.20	8.98	10.20	18595556	181476464.000
08/28/2015	10.40	11.14	9.99	11.03	22242416	232731792.000
08/31/2015	11.02	11.02	9.98	9.99	14956562	156491072.000
09/01/2015	9.94	9.94	8.99	8.99	12191856	112458504.000
09/02/2015	8.26	9.43	8.19	8.39	13674084	120426648.000
09/07/2015	8.66	9.18	8.66	8.98	12555718	112731536.000
09/08/2015	8.80	9.88	8.68	9.88	14733309	137671776.000
09/09/2015	10.13	10.87	9.93	10.87	20239120	210190016.000
09/10/2015	10.78	11.96	10.46	11.96	28269851	327203744.000
09/11/2015	11.95	12.82	11.38	11.78	47361943	570685760.000
09/14/2015	11.70	11.78	10.60	10.60	24957036	279976384.000
09/15/2015	9.63	10.05	9.54	9.54	18025769	174862176.000
09/16/2015	9.55	10.50	9.43	10.50	26101938	260333456.000
09/17/2015	10.63	11.18	9.98	10.05	30437614	327597824.000
09/18/2015	10.13	10.36	9.78	10.09	19108793	192200496.000
09/21/2015	9.98	11.06	9.83	10.86	20091493	210569360.000
09/22/2015	10.86	11.04	10.43	10.58	24148550	260428992.000
09/23/2015	10.18	10.52	10.09	10.28	16216233	166791488.000
09/24/2015	10.30	10.96	10.30	10.70	19550476	208735264.000
09/25/2015	10.53	10.65	9.74	9.92	18244917	185318464.000
09/28/2015	9.98	10.48	9.68	10.35	11986690	121793736.000
09/29/2015	10.08	10.28	9.84	9.96	10619861	106838976.000
09/30/2015	10.11	10.96	10.10	10.96	12131993	132043168.000
10/08/2015	12.06	12.06	12.06	12.06	8706414	105173480.000
10/09/2015	12.18	12.43	11.55	12.05	44747006	532728832.000
10/12/2015	11.86	12.98	11.80	12.62	37757017	470133472.000
10/13/2015	12.43	13.02	12.23	12.81	32457336	408988640.000
10/14/2015	12.79	12.79	12.27	12.39	22681307	284224288.000
10/15/2015	12.16	13.19	12.16	13.00	27930987	358701696.000
10/16/2015	13.00	14.29	12.59	13.84	37851567	504164960.000
10/19/2015	13.65	14.69	13.65	14.03	34509033	489961536.000
10/20/2015	14.13	14.63	13.68	14.40	27101051	385786752.000
10/21/2015	14.68	15.64	13.16	13.44	45469844	667357952.000
10/22/2015	13.43	14.58	13.28	14.34	27839559	385720960.000
10/23/2015	14.53	15.78	14.53	15.78	37435068	574997568.000
10/26/2015	17.36	17.36	15.85	16.38	58798462	994981952.000
10/27/2015	16.26	18.02	15.43	18.02	45252080	774077696.000
10/28/2015	18.02	19.36	17.58	17.61	46525251	857944576.000
10/29/2015	17.19	18.27	16.83	18.03	26564572	467605504.000
10/30/2015	17.79	17.97	16.78	16.78	23824059	412676128.000
11/02/2015	15.58	17.36	15.58	16.08	21667843	356883968.000
11/03/2015	15.98	17.07	15.78	16.68	15920077	261648304.000
11/04/2015	16.88	18.35	16.83	18.35	24966428	442253184.000
11/05/2015	18.99	20.19	18.45	19.85	45450163	891167872.000
11/06/2015	19.44	21.48	19.30	21.12	30780132	641456704.000
11/09/2015	20.68	22.43	19.98	20.45	32755162	690948928.000
11/10/2015	20.04	22.50	20.03	22.50	30069509	643572352.000
11/11/2015	22.47	24.48	21.88	24.16	22025186	513505664.000
11/12/2015	23.48	24.86	23.08	23.89	18583215	450163936.000
11/13/2015	23.54	23.54	21.59	21.69	14583095	328938656.000
11/16/2015	20.99	23.86	20.68	23.86	16459150	379049248.000
11/17/2015	24.83	25.10	23.78	24.02	14572019	356653888.000
11/18/2015	23.98	24.23	22.48	22.80	11195579	261631760.000
11/19/2015	22.99	23.64	21.15	23.53	17883926	400736640.000
11/20/2015	23.19	23.36	22.28	22.38	15178606	344071744.000
11/23/2015	22.39	23.43	21.48	22.07	11262916	253360224.000
11/24/2015	21.68	22.70	21.68	22.47	9806800	217627184.000
11/25/2015	22.58	24.72	22.57	24.72	19943894	477786656.000
11/26/2015	25.11	25.23	23.41	23.50	17523558	426576064.000
11/27/2015	23.43	23.50	21.18	21.81	12609903	282689376.000
11/30/2015	21.51	22.20	19.99	21.48	15715629	331296352.000
12/01/2015	21.51	22.29	20.64	21.01	10567642	226333344.000
12/02/2015	21.03	21.18	18.98	19.92	9863016	196934784.000
12/03/2015	20.18	21.14	19.92	20.88	9284213	192337648.000
12/04/2015	20.99	21.83	20.59	20.88	10198942	214915408.000
12/07/2015	21.09	22.97	20.34	22.97	19771146	433858688.000
12/08/2015	22.64	25.06	22.38	23.53	25135462	597065216.000
12/09/2015	23.07	24.83	23.07	23.98	19588474	473084512.000
12/10/2015	23.98	24.18	22.78	23.67	13124665	308112512.000
12/11/2015	23.48	23.48	22.00	22.32	8468618	192804352.000
12/14/2015	22.03	22.94	21.26	22.68	7663259	167610224.000
12/15/2015	22.58	24.33	22.48	23.44	12681133	298946592.000
12/16/2015	23.47	24.57	23.09	23.91	10449919	250990640.000
12/17/2015	24.28	26.30	24.18	26.30	19613530	504172960.000
12/18/2015	26.79	28.18	26.34	27.18	21148209	577622528.000
12/21/2015	25.99	27.86	25.99	26.43	10008183	268195792.000
12/22/2015	26.17	27.16	25.56	25.78	8991600	234640304.000
12/23/2015	26.15	26.58	25.18	25.33	9774727	252480704.000
12/24/2015	25.18	26.18	24.05	26.09	10293703	259475440.000
12/25/2015	25.88	26.88	25.68	26.53	8086890	213629472.000
12/28/2015	26.54	27.03	25.56	25.58	8642999	226663696.000
12/29/2015	25.27	27.08	24.51	26.91	11221475	291032512.000
12/30/2015	27.03	27.70	26.39	27.39	10900078	296641024.000
12/31/2015	27.35	27.40	26.28	26.48	9062423	242691328.000
01/04/2016	25.98	26.47	23.83	23.83	7769800	191200400.000
01/05/2016	21.45	22.77	21.45	21.67	13324405	293107680.000
01/06/2016	21.80	22.68	21.28	22.28	9023292	198978240.000
01/07/2016	22.07	22.07	20.05	20.05	1803847	37591136.000
01/08/2016	20.64	20.98	18.08	19.33	10546346	206173504.000
01/11/2016	18.71	18.71	17.40	17.40	8184666	145370720.000
01/12/2016	16.58	17.38	15.66	15.76	17795641	291436960.000
01/13/2016	15.79	16.93	15.79	15.98	16736316	275197216.000
01/14/2016	14.98	17.18	14.58	16.98	11974856	195679728.000
01/15/2016	16.60	18.00	16.60	17.12	13293452	230291648.000
01/18/2016	16.63	18.78	16.27	18.58	11107014	199288816.000
01/19/2016	18.03	19.63	18.02	19.17	11146869	209513136.000
01/20/2016	18.89	19.86	18.89	19.32	8743565	170136016.000
01/21/2016	18.93	19.27	17.39	17.51	10587536	194260128.000
01/22/2016	17.98	18.15	16.79	17.63	8302622	145971216.000
01/25/2016	17.98	19.26	17.78	18.38	12131497	223750464.000
01/26/2016	17.86	19.25	16.78	17.23	15822315	287351552.000
01/27/2016	17.78	17.86	15.98	17.78	14366514	247441920.000
01/28/2016	17.48	17.68	16.67	16.68	8625486	148306512.000
01/29/2016	16.65	18.13	16.48	17.98	10525436	185028000.000
02/01/2016	17.88	18.95	17.60	18.64	9401310	174078400.000
02/02/2016	18.86	20.46	18.64	20.44	10457033	206049456.000
02/03/2016	19.95	20.57	19.43	20.18	7669496	153631824.000
02/04/2016	20.02	21.07	19.73	19.95	8157513	167071472.000
02/05/2016	20.18	20.68	19.97	19.98	6442049	130672448.000
02/15/2016	18.65	20.43	18.65	19.92	4622049	91631656.000
02/16/2016	20.48	21.29	20.00	20.84	7409743	153386928.000
02/17/2016	20.98	22.34	20.49	21.89	8955627	192549584.000
02/18/2016	21.88	22.82	21.52	21.73	6905171	152943552.000
02/19/2016	21.74	21.98	20.79	21.18	7491424	159537248.000
02/22/2016	21.67	22.33	20.80	21.18	8211823	175783680.000
02/23/2016	21.28	21.49	19.86	20.51	9903742	203460176.000
02/24/2016	20.58	21.00	20.02	20.48	10774334	220220944.000
02/25/2016	20.50	20.68	18.43	18.43	12472519	239838544.000
02/26/2016	18.71	18.88	16.98	17.91	8957579	161157072.000
02/29/2016	17.49	17.88	16.12	16.12	6989124	114548592.000
03/01/2016	16.20	16.34	14.51	15.83	19951743	306141792.000
03/02/2016	15.97	16.76	14.97	16.53	27947983	443095648.000
03/03/2016	16.28	17.11	16.08	16.38	21691818	360446624.000
03/04/2016	16.07	16.16	14.74	14.82	23851266	364969184.000
03/07/2016	14.86	15.27	14.42	14.79	20730021	308327392.000
03/08/2016	14.81	14.83	13.48	14.42	15967433	224572816.000
03/09/2016	13.91	14.95	13.68	14.41	15473661	222251200.000
03/10/2016	14.36	14.76	14.08	14.25	11413918	165425616.000
03/11/2016	13.93	14.23	13.49	13.87	11715945	162330864.000
03/14/2016	14.16	14.96	14.03	14.69	18404086	269803808.000
03/15/2016	14.69	14.83	14.52	14.52	9951921	145902416.000
03/16/2016	14.73	14.97	14.38	14.43	11128878	163306784.000
03/17/2016	14.45	15.45	14.40	15.15	18503368	276590112.000
03/18/2016	15.06	16.16	15.00	15.76	19524179	308186816.000
03/21/2016	16.81	17.34	16.81	17.34	7322185	126711512.000
03/22/2016	18.08	18.59	17.60	18.18	38961803	704680640.000
03/23/2016	17.71	18.08	17.30	17.77	24278300	427581760.000
03/29/2016	17.06	17.16	15.99	15.99	27577470	450709792.000
03/30/2016	16.15	17.49	15.50	17.26	27804600	459444288.000
03/31/2016	17.26	18.40	16.91	17.98	29060165	519617824.000
04/01/2016	17.77	18.40	17.20	17.54	19959031	352592576.000
04/05/2016	17.72	18.10	16.89	17.84	20520113	360678592.000
04/06/2016	17.75	18.05	17.20	17.52	15575920	274462144.000
04/07/2016	17.82	18.70	17.59	18.33	30863700	559814080.000
04/08/2016	18.01	19.14	17.81	18.39	31922500	593730624.000
04/11/2016	19.00	20.23	18.77	19.39	32540300	636939328.000
04/12/2016	19.25	19.25	18.41	18.70	20091400	378152416.000
04/13/2016	18.70	20.45	18.70	19.73	24329900	478358464.000
04/14/2016	19.90	20.49	19.03	19.90	24468710	483179712.000
04/15/2016	19.85	20.40	19.60	20.00	18608732	372824384.000
04/18/2016	19.60	19.87	18.92	19.20	16821000	324565408.000
04/19/2016	19.37	19.52	18.49	18.81	14105700	266163536.000
04/20/2016	18.83	18.90	16.93	17.09	23671473	417274528.000
04/21/2016	16.94	17.40	16.52	16.75	11180700	189861168.000
04/22/2016	16.60	17.11	16.41	16.95	10129400	171072032.000
04/25/2016	16.80	16.87	16.20	16.72	7832470	129928640.000
04/26/2016	16.69	17.60	16.60	17.42	12383971	213783616.000
04/27/2016	17.43	17.55	17.02	17.08	7497979	129003160.000
04/28/2016	16.80	16.95	16.00	16.47	15433500	253138064.000
04/29/2016	16.30	16.76	16.13	16.50	7197255	119162512.000
05/03/2016	16.50	17.21	16.50	17.18	8686900	147731056.000
05/04/2016	17.18	17.39	16.85	16.90	10558664	180376752.000
05/05/2016	16.85	17.01	16.65	16.97	7743501	130322232.000
05/06/2016	17.10	17.15	16.15	16.20	11203968	184827888.000
05/09/2016	16.10	16.10	14.80	15.23	10702869	163670672.000
05/10/2016	15.09	15.44	15.01	15.26	4382900	66986488.000
05/11/2016	15.39	15.65	15.07	15.08	6585899	101042408.000
05/12/2016	14.72	15.30	14.25	15.27	6664073	98563784.000
05/13/2016	15.33	15.80	15.20	15.30	7160727	110868720.000
05/16/2016	15.29	15.44	14.98	15.26	8914490	135459168.000
05/17/2016	15.22	15.33	14.87	15.10	7858800	118526936.000
05/18/2016	14.90	14.91	14.08	14.35	8918882	128784952.000
05/19/2016	14.30	14.76	14.27	14.46	7233947	105351360.000
05/20/2016	14.46	14.62	14.13	14.60	5441570	78409104.000
05/23/2016	14.62	14.90	14.60	14.80	6102903	90033032.000
05/24/2016	14.83	14.83	14.28	14.37	5963066	86165368.000
05/25/2016	14.56	15.55	14.55	15.00	16547807	248340112.000
05/26/2016	14.81	15.36	14.51	15.22	11444776	170729824.000
05/27/2016	15.20	15.24	14.90	14.96	8313307	125122832.000
05/30/2016	14.76	14.97	14.52	14.69	4998131	73636368.000
05/31/2016	14.61	15.82	14.61	15.65	14108922	216013456.000
06/01/2016	15.83	16.88	15.81	16.43	19767903	324391776.000
06/02/2016	16.48	16.50	16.00	16.35	11591027	188257920.000
06/03/2016	16.43	16.43	16.10	16.19	8367884	135621696.000
06/06/2016	16.18	17.16	16.18	17.03	19224242	322183744.000
06/07/2016	16.90	17.10	16.60	16.85	9047474	152344928.000
06/08/2016	16.87	16.87	16.30	16.63	8167670	135152928.000
06/13/2016	16.28	16.55	14.97	14.97	11827431	186106864.000
06/14/2016	14.78	15.32	14.65	15.02	6735499	101084896.000
06/15/2016	14.80	15.98	14.66	15.72	9591928	149085072.000
06/16/2016	15.66	15.78	15.04	15.34	8917562	137103376.000
06/17/2016	15.31	15.62	15.11	15.27	9741990	149901872.000
06/20/2016	15.26	15.38	14.92	15.14	6219494	93781960.000
06/21/2016	15.18	15.38	14.89	14.97	7605034	115192064.000
06/22/2016	15.00	15.26	14.93	15.24	6067938	91611456.000
06/23/2016	15.30	15.60	15.21	15.38	8430564	130067344.000
06/24/2016	15.38	15.57	14.00	14.93	13162881	196447456.000
06/27/2016	14.70	15.19	14.50	15.15	10461370	156440624.000
06/28/2016	15.02	15.50	14.81	15.42	12505644	189917536.000
06/29/2016	16.01	16.43	15.54	15.63	14627500	231737328.000
06/30/2016	15.48	15.70	15.35	15.45	7943252	122575632.000
07/01/2016	15.49	15.60	15.24	15.25	8118811	124834456.000
07/04/2016	15.02	15.55	15.02	15.42	9377930	144240752.000
07/05/2016	15.46	15.70	15.32	15.69	11829200	183416240.000
07/06/2016	15.69	15.70	15.38	15.50	7366999	114238680.000
07/07/2016	15.57	15.75	15.38	15.68	11750604	183261216.000
07/08/2016	15.75	16.12	15.43	15.93	15258400	241868352.000
07/11/2016	15.83	16.09	15.57	15.67	10417350	165339264.000
07/12/2016	15.60	15.75	15.15	15.59	10779701	166324592.000
07/13/2016	15.69	16.98	15.51	16.62	23562595	382270272.000
07/14/2016	16.50	16.50	16.16	16.44	12013250	196097632.000
07/15/2016	16.44	16.60	16.08	16.24	11402560	186200768.000
07/18/2016	16.16	16.39	16.04	16.26	6513258	105743680.000
07/19/2016	16.25	16.25	15.96	16.20	6357802	102420352.000
07/20/2016	16.20	16.32	16.08	16.08	5261675	85008904.000
07/21/2016	16.08	16.18	15.84	15.88	7795802	124706256.000
07/22/2016	15.95	16.10	15.75	15.99	6222197	98937904.000
07/25/2016	15.99	16.00	15.75	15.84	5045930	80015040.000
07/26/2016	15.75	16.10	15.75	16.08	5878572	93943512.000
07/27/2016	16.05	16.12	14.81	14.97	12054865	185021568.000
07/28/2016	15.00	15.07	14.37	14.68	10145789	148737888.000
07/29/2016	14.66	14.79	14.40	14.52	4409630	64199904.000
08/01/2016	14.30	14.50	14.06	14.43	4284101	61232188.000
08/02/2016	14.35	14.61	14.35	14.61	2979164	43300512.000
08/03/2016	14.56	14.65	14.46	14.48	3410822	49567360.000
08/04/2016	14.46	14.60	14.36	14.52	3169124	45864152.000
08/05/2016	14.57	14.57	14.33	14.38	3420100	49397728.000
08/08/2016	14.24	14.50	14.20	14.48	2607000	37464120.000
08/09/2016	14.48	14.74	14.41	14.65	4241740	61767792.000
08/10/2016	14.62	14.94	14.56	14.63	4840254	71477632.000
08/11/2016	14.63	14.63	14.34	14.34	3435715	49595684.000
08/12/2016	14.38	14.60	14.30	14.55	3184875	46050864.000
08/15/2016	14.58	14.95	14.45	14.79	5847644	86195768.000
08/16/2016	14.72	15.27	14.72	14.98	8287743	124595472.000
08/17/2016	15.28	15.92	15.28	15.41	11789849	183864544.000
08/18/2016	15.18	15.79	15.18	15.55	10079084	156555360.000
08/19/2016	15.52	15.76	15.48	15.53	8027631	125374384.000
08/22/2016	15.50	15.51	15.16	15.35	5420037	83124688.000
08/23/2016	15.35	15.60	15.25	15.59	4492805	69379768.000
08/24/2016	15.77	16.50	15.60	16.25	18426716	297726368.000
08/25/2016	16.14	16.14	15.56	15.96	9755604	154816368.000
08/26/2016	16.06	16.55	15.82	16.12	9733800	158249712.000
08/29/2016	16.14	16.22	15.71	15.83	5761660	91585968.000
08/30/2016	15.64	15.99	15.60	15.67	5455567	86011064.000
08/31/2016	15.71	15.95	15.53	15.55	4583712	72040136.000
09/01/2016	15.67	15.67	15.35	15.36	3586959	55524024.000
09/02/2016	15.34	15.99	15.15	15.72	6641152	103183224.000
09/05/2016	15.67	16.14	15.61	15.89	5583782	88625024.000
09/06/2016	15.71	16.05	15.66	16.00	5347556	85051408.000
09/07/2016	16.00	16.36	15.62	15.66	7826149	125069736.000
09/08/2016	15.60	16.10	15.60	16.10	5720900	90834312.000
09/09/2016	16.10	16.13	15.82	15.85	4210500	67264648.000
09/12/2016	15.49	15.57	15.11	15.37	4570746	70333216.000
09/13/2016	15.40	15.57	15.28	15.51	3351567	51737840.000
09/14/2016	15.46	15.50	15.15	15.15	3449737	52730244.000
09/19/2016	15.15	15.36	15.05	15.30	3913907	59475424.000
09/20/2016	15.30	15.42	15.18	15.28	2282837	34919588.000
09/21/2016	15.28	15.42	15.16	15.24	3926810	59892008.000
09/22/2016	15.45	15.54	15.19	15.20	3141316	48147388.000
09/23/2016	15.30	15.50	15.16	15.34	2841758	43484816.000
09/26/2016	15.34	16.28	15.34	15.87	14601548	231824624.000
09/27/2016	15.74	16.45	15.74	16.27	12993876	210507728.000
09/28/2016	16.18	16.69	15.93	16.22	14938380	244399088.000
09/29/2016	16.28	16.43	16.03	16.25	7466900	121086928.000
09/30/2016	16.18	16.59	16.12	16.42	7600938	124189880.000
数据来源:通达信
