000593 大通燃气 日线 前复权
      日期	    开盘	    最高	    最低	    收盘	    成交量	    成交额
01/04/2012	6.11	6.13	5.92	5.95	5013862	30785772.000
01/05/2012	5.87	5.96	5.59	5.76	6588075	38816800.000
01/06/2012	5.73	5.95	5.61	5.91	6377284	37869540.000
01/09/2012	5.83	6.20	5.65	6.17	9068043	55792824.000
01/10/2012	6.08	6.40	6.05	6.32	9320341	59407852.000
01/11/2012	6.25	6.44	6.16	6.35	7512473	48646140.000
01/12/2012	6.42	6.75	6.25	6.59	12142062	80844376.000
01/13/2012	6.63	6.63	6.07	6.11	8417953	54288216.000
01/16/2012	5.95	5.98	5.72	5.77	3867263	23197774.000
01/17/2012	5.77	6.16	5.75	6.15	4177275	25636140.000
01/18/2012	6.35	6.44	6.05	6.15	5878723	37582344.000
01/19/2012	6.11	6.27	5.98	6.16	2730858	17143414.000
01/20/2012	6.16	6.28	6.12	6.23	2852896	18150862.000
01/30/2012	6.24	6.31	6.15	6.15	2805985	17918474.000
01/31/2012	6.17	6.17	6.05	6.17	1798339	11275628.000
02/01/2012	6.16	6.23	6.11	6.14	2077088	13126050.000
02/02/2012	6.15	6.28	6.13	6.28	3639147	23226950.000
02/03/2012	6.28	6.40	6.23	6.35	4232822	27348780.000
02/06/2012	6.71	7.00	6.51	6.61	12936172	89074416.000
02/07/2012	6.50	6.63	6.36	6.38	6291988	41592308.000
02/08/2012	6.37	6.58	6.36	6.53	5188725	34335484.000
02/09/2012	6.48	6.63	6.48	6.58	5314930	35660552.000
02/10/2012	6.58	6.62	6.46	6.51	3802432	25394274.000
02/13/2012	6.42	6.57	6.41	6.53	3271134	21792300.000
02/14/2012	6.51	6.59	6.46	6.56	3325259	22211384.000
02/15/2012	6.48	6.68	6.48	6.65	5794907	39091556.000
02/16/2012	6.65	6.78	6.54	6.64	4017481	27349472.000
02/17/2012	6.63	6.71	6.55	6.65	3474225	23555956.000
02/20/2012	6.73	6.77	6.61	6.62	3276382	22372032.000
02/21/2012	6.62	6.68	6.55	6.67	2964652	20101030.000
02/22/2012	6.67	6.76	6.62	6.74	4639522	31770564.000
02/23/2012	6.74	6.75	6.63	6.70	3849265	26334958.000
02/24/2012	6.70	6.78	6.67	6.77	5077945	34960348.000
02/27/2012	6.79	6.89	6.74	6.74	5340018	37133384.000
02/28/2012	6.71	6.78	6.58	6.78	6833092	46838732.000
02/29/2012	6.79	7.47	6.77	7.12	23485112	172251376.000
03/01/2012	6.99	7.45	6.88	7.12	18275929	132071192.000
03/02/2012	7.00	7.22	7.00	7.11	8591639	62059808.000
03/05/2012	7.06	7.10	6.99	7.01	7162163	51403224.000
03/06/2012	6.95	7.07	6.94	6.95	4527389	32314152.000
03/07/2012	6.94	7.00	6.84	6.85	4477570	31608770.000
03/08/2012	6.87	7.02	6.87	6.98	3413047	24296034.000
03/09/2012	7.08	7.08	6.96	7.06	3736107	26837548.000
03/12/2012	7.02	7.09	6.93	7.08	3272881	23511326.000
03/13/2012	7.09	7.12	7.01	7.12	4289315	30988308.000
03/14/2012	7.15	7.18	6.48	6.61	6386529	45168628.000
03/15/2012	6.63	6.71	6.43	6.50	4248516	28449432.000
03/16/2012	6.49	6.70	6.49	6.70	3236350	21897246.000
03/19/2012	6.65	6.93	6.65	6.90	4333553	30183916.000
03/20/2012	6.96	7.18	6.86	6.86	9521836	68546784.000
03/21/2012	6.87	7.15	6.66	7.10	8503829	60622892.000
03/22/2012	7.23	7.35	7.11	7.14	13171340	97463360.000
03/23/2012	7.10	7.10	6.86	6.99	5931338	42178200.000
03/26/2012	6.92	7.12	6.92	7.06	3440295	24735232.000
03/27/2012	7.12	7.15	6.94	6.94	2933433	21034998.000
03/28/2012	6.90	6.90	6.54	6.58	4256230	28938464.000
03/29/2012	6.58	6.58	6.27	6.27	2681411	17634520.000
03/30/2012	6.30	6.39	6.21	6.31	1972223	12743961.000
04/05/2012	6.75	6.84	6.56	6.70	3716070	25337420.000
04/06/2012	6.60	6.75	6.55	6.64	2772668	18889044.000
04/09/2012	6.60	6.79	6.57	6.63	2696660	18496182.000
04/10/2012	6.61	6.85	6.56	6.85	2841695	19488600.000
04/11/2012	6.78	6.95	6.74	6.87	3320865	23210486.000
04/12/2012	6.88	7.57	6.80	7.51	12168074	89879008.000
04/13/2012	7.39	7.39	7.13	7.23	11026169	81495296.000
04/16/2012	7.12	7.26	7.06	7.19	3926801	28792366.000
04/17/2012	7.15	7.22	6.94	6.97	4024086	29035662.000
04/18/2012	7.02	7.20	6.96	7.16	3904654	28352896.000
04/19/2012	7.10	7.24	7.10	7.18	2943703	21553888.000
04/20/2012	7.18	7.35	7.18	7.25	4462838	33123456.000
04/23/2012	7.23	7.23	7.02	7.13	3994146	29104304.000
04/24/2012	7.07	7.15	6.82	7.05	4233396	30139608.000
04/25/2012	7.05	7.29	6.98	7.26	4969736	36373492.000
04/26/2012	7.38	7.45	7.14	7.17	6332505	47121040.000
04/27/2012	7.14	7.21	6.98	7.00	4092010	29505738.000
05/02/2012	7.14	7.20	7.05	7.15	3557200	25895008.000
05/03/2012	7.11	7.17	7.00	7.10	2530688	18307602.000
05/04/2012	7.08	7.31	7.02	7.23	3956955	28906642.000
05/07/2012	7.15	7.33	7.15	7.31	4534361	33637076.000
05/08/2012	7.29	7.70	7.23	7.45	10385342	79183232.000
05/09/2012	7.41	7.51	7.23	7.23	7149383	53680196.000
05/10/2012	7.22	7.45	7.17	7.29	5205834	38868920.000
05/11/2012	7.27	7.27	7.05	7.09	3838317	27989048.000
05/14/2012	7.18	7.29	7.08	7.11	3521431	25833864.000
05/15/2012	7.04	7.17	7.00	7.15	2995758	21797640.000
05/17/2012	7.10	7.14	6.96	7.14	3231349	23308326.000
05/18/2012	7.07	7.08	6.82	6.83	3877788	27500298.000
05/21/2012	6.81	6.94	6.79	6.88	1914663	13454182.000
05/22/2012	6.93	7.05	6.85	7.05	2774291	19694688.000
05/23/2012	7.00	7.04	6.90	6.90	2339915	16617164.000
05/24/2012	6.92	7.00	6.89	6.93	1822375	12921021.000
05/25/2012	6.92	6.96	6.80	6.84	1812650	12739908.000
05/28/2012	6.77	6.82	6.51	6.80	2647086	18023562.000
05/29/2012	6.86	6.97	6.75	6.95	3208553	22499770.000
05/30/2012	6.88	7.00	6.85	6.99	2955201	20945522.000
05/31/2012	6.93	7.11	6.86	7.06	5029432	36125508.000
06/01/2012	7.11	7.15	6.96	7.07	4111513	29577568.000
06/04/2012	6.89	6.99	6.73	6.74	3092985	21679928.000
06/05/2012	6.80	6.92	6.71	6.75	1664242	11568459.000
06/06/2012	6.70	6.78	6.57	6.69	2344082	15988186.000
06/07/2012	6.76	6.78	6.58	6.61	1279103	8734362.000
06/08/2012	6.68	6.83	6.58	6.68	1565435	10730345.000
06/11/2012	6.62	6.77	6.62	6.75	1312796	9014826.000
06/12/2012	6.73	6.74	6.58	6.65	1218255	8285382.000
06/13/2012	6.66	6.75	6.61	6.73	1242269	8510216.000
06/14/2012	6.71	6.82	6.60	6.65	1688850	11594896.000
06/15/2012	6.70	6.72	6.47	6.71	2130952	14430054.000
06/18/2012	6.73	6.96	6.68	6.90	4671592	32587830.000
06/19/2012	6.84	6.90	6.78	6.85	2322217	16233701.000
06/20/2012	6.85	7.34	6.77	7.02	6333364	45450472.000
06/21/2012	6.93	6.95	6.66	6.71	3722201	25757626.000
06/25/2012	6.63	6.67	6.35	6.36	2299699	15352418.000
06/26/2012	6.38	6.46	6.35	6.43	1318574	8640819.000
06/27/2012	6.43	6.51	6.39	6.43	974297	6442133.000
06/28/2012	6.49	6.49	6.30	6.31	836121	5479090.000
06/29/2012	6.28	6.43	6.23	6.43	798049	5168400.000
07/02/2012	6.53	6.53	6.40	6.42	1021999	6751888.000
07/03/2012	6.43	6.51	6.35	6.38	1106219	7272448.500
07/04/2012	6.41	6.61	6.39	6.52	1944726	12904002.000
07/05/2012	6.50	6.51	6.30	6.33	1383876	9042595.000
07/06/2012	6.36	6.47	6.26	6.42	1083532	7058808.500
07/09/2012	6.37	6.47	6.22	6.22	1067331	6953090.500
07/10/2012	6.20	6.27	6.03	6.10	892320	5625219.000
07/11/2012	6.09	6.14	6.06	6.11	759052	4742033.000
07/12/2012	6.11	6.28	6.01	6.24	1963576	12393865.000
07/13/2012	6.24	6.30	6.14	6.15	886414	5623420.000
07/16/2012	6.16	6.16	5.79	5.81	1767981	10743449.000
07/17/2012	5.84	5.88	5.77	5.86	761713	4553436.500
07/18/2012	5.87	5.92	5.76	5.90	1037381	6225160.000
07/19/2012	5.88	6.04	5.87	5.97	1228919	7534929.500
07/20/2012	5.97	6.02	5.91	5.96	934227	5706649.500
07/23/2012	5.87	5.88	5.67	5.73	1733637	10237291.000
07/24/2012	5.66	5.82	5.66	5.76	956599	5647501.500
07/25/2012	5.77	5.78	5.67	5.67	802326	4709596.000
07/26/2012	5.70	5.75	5.64	5.64	650402	3801696.750
07/27/2012	5.70	5.74	5.64	5.66	595600	3471685.750
07/30/2012	5.66	5.73	5.45	5.47	823864	4703339.500
07/31/2012	5.52	5.53	5.31	5.33	853728	4710367.000
08/01/2012	5.27	5.45	5.27	5.39	833954	4607908.500
08/02/2012	5.39	5.43	5.28	5.29	774798	4264667.500
08/03/2012	5.35	5.47	5.31	5.46	1070775	5948381.000
08/06/2012	5.44	5.62	5.41	5.61	1098486	6245472.500
08/07/2012	5.63	5.71	5.57	5.70	1295184	7507411.500
08/08/2012	5.72	5.77	5.60	5.70	1379446	8054387.000
08/09/2012	5.70	5.74	5.61	5.72	1143089	6669349.000
08/10/2012	5.75	5.76	5.65	5.73	1408372	8250621.500
08/13/2012	5.70	5.72	5.53	5.54	1322963	7646126.500
08/14/2012	5.54	5.65	5.45	5.64	1504828	8595763.000
08/15/2012	5.60	5.70	5.58	5.65	1085966	6287058.500
08/16/2012	5.60	5.64	5.56	5.57	682885	3923733.250
08/17/2012	5.55	5.72	5.49	5.70	1228978	7077058.000
08/20/2012	5.65	5.80	5.59	5.76	1084183	6338867.500
08/21/2012	5.76	5.81	5.71	5.79	1380679	8188055.000
08/22/2012	5.80	5.80	5.66	5.68	1210101	7101592.000
08/23/2012	5.71	5.71	5.57	5.68	1610983	9318393.000
08/24/2012	5.63	5.65	5.43	5.46	1584279	9024592.000
08/27/2012	5.40	5.54	5.37	5.46	1378151	7707732.000
08/28/2012	5.47	5.57	5.38	5.57	1133839	6389462.500
08/29/2012	5.57	5.58	5.45	5.57	1309443	7434850.500
08/30/2012	5.50	5.57	5.30	5.40	1480653	8253395.000
08/31/2012	5.35	5.47	5.34	5.36	1536510	8503299.000
09/03/2012	5.35	5.47	5.32	5.44	795908	4430647.000
09/04/2012	5.44	5.47	5.35	5.35	841336	4677642.500
09/05/2012	5.35	5.44	5.33	5.43	701648	3895592.000
09/06/2012	5.43	5.64	5.41	5.55	1404382	7971825.000
09/07/2012	5.56	5.80	5.53	5.72	3396088	19843004.000
09/10/2012	5.72	6.13	5.69	5.82	4149756	25083430.000
09/11/2012	5.75	5.78	5.66	5.74	1887989	11074021.000
09/12/2012	5.77	6.00	5.67	6.00	5122540	30894534.000
09/13/2012	5.94	6.18	5.92	5.94	6506029	40303660.000
09/14/2012	5.96	6.00	5.86	5.93	2754914	16705156.000
09/17/2012	5.90	5.91	5.68	5.70	1924259	11451953.000
09/18/2012	5.68	5.77	5.61	5.64	1243662	7261901.000
09/19/2012	5.65	5.75	5.65	5.73	887912	5195018.000
09/20/2012	5.69	5.89	5.67	5.71	2661826	15810524.000
09/21/2012	5.97	6.30	5.97	6.30	11392029	72587984.000
09/24/2012	6.55	6.95	6.43	6.95	15314103	105751632.000
09/25/2012	7.40	7.59	6.67	6.69	35280406	257454144.000
09/26/2012	6.45	6.63	6.39	6.55	21131334	140043744.000
09/27/2012	6.40	6.53	6.17	6.44	19792647	128535072.000
09/28/2012	6.36	6.46	6.28	6.36	12988357	83571032.000
10/08/2012	6.31	6.43	6.29	6.42	9510723	61440500.000
10/09/2012	6.40	6.60	6.38	6.55	14266103	93945264.000
10/10/2012	6.50	6.66	6.32	6.66	14896041	97507256.000
10/11/2012	6.58	6.81	6.34	6.34	14150715	94448384.000
10/12/2012	6.24	6.45	6.21	6.35	8544672	54919500.000
10/15/2012	6.46	6.88	6.43	6.57	15544222	104242480.000
10/16/2012	6.49	6.49	6.26	6.36	7365844	47469940.000
10/17/2012	6.36	6.36	6.13	6.20	6960409	43923296.000
10/18/2012	6.18	6.29	6.15	6.27	5592373	35442880.000
10/19/2012	6.27	6.27	6.17	6.22	3633818	22897478.000
10/22/2012	6.17	6.23	6.02	6.22	4604213	28644908.000
10/23/2012	6.26	6.26	6.13	6.13	3783961	23724864.000
10/24/2012	6.17	6.34	6.17	6.24	5799586	36820192.000
10/25/2012	6.17	6.64	6.13	6.51	13521822	87861328.000
10/26/2012	6.37	6.44	6.08	6.15	6927341	43984072.000
10/29/2012	6.19	6.31	6.09	6.16	3223378	20200694.000
10/30/2012	6.14	6.16	5.97	6.01	4301771	26347808.000
10/31/2012	6.02	6.46	6.00	6.32	8415903	53358628.000
11/01/2012	6.30	6.40	6.14	6.27	6942016	44025816.000
11/02/2012	6.24	6.34	6.22	6.29	4029157	25627908.000
11/05/2012	6.33	6.66	6.33	6.41	10901936	71495008.000
11/06/2012	6.33	6.34	6.17	6.30	5476177	34650704.000
11/07/2012	6.22	6.30	6.19	6.21	2755062	17402398.000
11/08/2012	6.13	6.18	6.03	6.03	3314968	20496290.000
11/09/2012	6.01	6.12	5.99	6.06	1549711	9529953.000
11/12/2012	6.06	6.14	6.03	6.07	1564999	9654497.000
11/13/2012	6.07	6.18	6.03	6.09	2493467	15424728.000
11/14/2012	6.06	6.08	5.89	5.95	2657618	16022333.000
11/15/2012	5.91	5.92	5.75	5.76	2050417	12145306.000
11/16/2012	5.75	5.78	5.62	5.77	1638894	9479657.000
11/19/2012	5.66	5.75	5.64	5.75	1131225	6544734.500
11/20/2012	5.76	5.81	5.71	5.74	867041	5064122.000
11/21/2012	5.71	5.84	5.71	5.83	1794974	10533842.000
11/22/2012	5.84	5.98	5.81	5.88	2717136	16286380.000
11/23/2012	5.88	5.93	5.79	5.86	1611195	9591494.000
11/26/2012	5.86	5.93	5.74	5.77	1124308	6678435.000
11/27/2012	5.76	5.82	5.48	5.49	1807560	10261449.000
11/28/2012	5.43	5.48	5.28	5.31	1314382	7129299.000
11/29/2012	5.31	5.37	5.13	5.13	1087810	5825907.000
11/30/2012	5.12	5.24	5.12	5.18	1243821	6567563.500
12/03/2012	5.26	5.43	5.11	5.12	1703412	9106431.000
12/04/2012	5.34	5.57	5.28	5.40	3841879	21020668.000
12/05/2012	5.25	5.57	5.25	5.49	4414773	24506536.000
12/06/2012	5.47	5.61	5.36	5.51	3209898	17910532.000
12/07/2012	5.48	5.62	5.43	5.57	3483676	19646730.000
12/10/2012	5.57	5.66	5.54	5.65	2873775	16374412.000
12/11/2012	5.63	5.66	5.53	5.56	3090284	17527026.000
12/12/2012	5.55	5.64	5.48	5.59	2411923	13639346.000
12/13/2012	5.55	5.59	5.46	5.47	1752373	9824281.000
12/14/2012	5.51	5.88	5.49	5.71	5680113	32763894.000
12/17/2012	5.74	5.83	5.66	5.75	3880306	22635120.000
12/18/2012	5.75	5.81	5.68	5.75	3692214	21552686.000
12/19/2012	5.79	5.99	5.79	5.83	5203134	31011256.000
12/20/2012	5.83	5.95	5.77	5.89	4670927	27852220.000
12/21/2012	5.89	5.94	5.75	5.79	3307285	19585272.000
12/24/2012	5.84	5.88	5.73	5.77	2513247	14795847.000
12/25/2012	5.82	5.91	5.76	5.89	4698244	27964240.000
12/26/2012	5.90	5.99	5.86	5.95	4558919	27386814.000
12/27/2012	5.95	6.26	5.87	6.04	7219717	44388264.000
12/28/2012	6.08	6.11	5.96	6.04	4058148	24800086.000
12/31/2012	6.06	6.09	5.96	6.02	4249128	25974498.000
01/04/2013	6.06	6.08	5.94	6.01	3276023	19972860.000
01/07/2013	5.99	6.10	5.97	6.09	4244725	26069726.000
01/08/2013	6.09	6.13	6.03	6.13	4139470	25553376.000
01/09/2013	6.18	6.19	6.03	6.10	4756349	29472120.000
01/10/2013	6.10	6.14	6.04	6.13	3087623	19117504.000
01/11/2013	6.15	6.19	5.94	5.97	4125520	25465504.000
01/14/2013	5.93	6.13	5.89	6.10	4695772	28761136.000
01/15/2013	6.11	6.21	6.06	6.16	5384139	33578260.000
01/16/2013	6.17	6.21	6.06	6.15	4230112	26322470.000
01/17/2013	6.12	6.15	6.04	6.06	3088049	19061106.000
01/18/2013	6.06	6.14	6.05	6.13	3168282	19611320.000
01/21/2013	6.15	6.29	6.09	6.23	6226129	39201116.000
01/22/2013	6.21	6.21	6.02	6.07	3990699	24785734.000
01/23/2013	6.04	6.14	5.95	6.14	3116868	19115204.000
01/24/2013	6.29	6.40	5.97	6.04	5836705	36718744.000
01/25/2013	5.95	5.98	5.81	5.83	3801865	22775094.000
01/28/2013	5.81	6.05	5.81	6.04	3719698	22464368.000
01/29/2013	6.04	6.40	6.03	6.31	12563917	79850528.000
01/30/2013	6.29	6.95	6.16	6.92	25554278	171984288.000
01/31/2013	6.81	7.00	6.69	6.83	24922877	172911072.000
02/01/2013	6.80	6.91	6.72	6.85	18363997	127257896.000
02/04/2013	6.86	6.87	6.65	6.70	14151145	96932120.000
02/05/2013	6.69	7.03	6.62	7.03	23601093	164220208.000
02/06/2013	6.99	7.04	6.84	6.88	14577793	101832488.000
02/07/2013	6.92	6.97	6.68	6.71	9504887	65378648.000
02/08/2013	6.74	6.81	6.69	6.76	5334017	36499488.000
02/18/2013	6.82	6.85	6.69	6.74	3623329	24743576.000
02/19/2013	6.74	6.76	6.57	6.57	4384779	29539792.000
02/20/2013	6.63	6.90	6.60	6.85	8256054	56770388.000
02/21/2013	6.80	6.95	6.62	6.72	9535417	65676852.000
02/22/2013	6.67	6.67	6.56	6.56	4091840	27379418.000
02/25/2013	6.58	6.81	6.58	6.69	4894454	33359714.000
02/26/2013	6.73	6.83	6.59	6.61	5157633	35051208.000
02/27/2013	6.60	6.68	6.45	6.46	4123521	27242248.000
02/28/2013	6.51	6.61	6.39	6.61	2967402	19598130.000
03/01/2013	6.57	6.81	6.57	6.70	5263178	35734844.000
03/04/2013	6.61	6.70	6.41	6.55	4697133	31233580.000
03/05/2013	6.53	6.66	6.50	6.62	2837898	19003104.000
03/06/2013	6.68	6.94	6.65	6.87	7981153	55068864.000
03/07/2013	6.81	6.84	6.59	6.68	4671211	31983608.000
03/08/2013	6.69	6.76	6.61	6.61	2444309	16550692.000
03/11/2013	6.64	6.66	6.54	6.57	2086817	13950683.000
03/12/2013	6.57	6.64	6.35	6.45	2521557	16512015.000
03/13/2013	6.48	6.51	6.35	6.38	1463591	9503241.000
03/14/2013	6.38	6.48	6.36	6.42	1284064	8358941.500
03/15/2013	6.44	6.55	6.34	6.42	1730800	11315887.000
03/18/2013	6.39	6.50	6.34	6.42	1540824	10034822.000
03/19/2013	6.45	6.54	6.42	6.47	1899682	12466119.000
03/20/2013	6.43	6.65	6.43	6.63	3474944	23159570.000
03/21/2013	6.64	6.86	6.60	6.74	5743519	39128376.000
03/22/2013	6.72	6.85	6.65	6.77	4684547	32168932.000
03/25/2013	7.21	7.46	6.91	6.94	21580047	156601072.000
03/26/2013	6.84	6.84	6.61	6.68	8511412	57625216.000
03/27/2013	6.66	6.75	6.57	6.66	4620120	31137214.000
03/28/2013	6.63	6.63	6.44	6.44	3556351	23447924.000
03/29/2013	6.46	6.53	6.46	6.50	1571392	10338874.000
04/01/2013	6.57	6.65	6.45	6.57	2656718	17638056.000
04/02/2013	6.60	6.74	6.52	6.52	3289685	22123486.000
04/03/2013	6.53	6.61	6.21	6.30	3087852	19881204.000
04/08/2013	6.18	6.25	6.01	6.23	2071073	12871377.000
04/09/2013	6.21	6.28	6.17	6.26	1574985	9960460.000
04/10/2013	6.39	6.48	6.26	6.39	3485404	22603562.000
04/11/2013	6.36	6.41	6.22	6.24	2017519	12914491.000
04/12/2013	6.21	6.26	6.12	6.13	1368960	8583154.000
04/15/2013	6.09	6.13	6.01	6.04	1302959	8002204.500
04/16/2013	6.01	6.09	5.98	6.08	1333152	8153218.000
04/17/2013	6.16	6.21	6.01	6.20	1942941	12070659.000
04/18/2013	6.16	6.20	6.08	6.19	1906744	11924395.000
04/19/2013	6.17	6.37	6.17	6.33	2443495	15599159.000
04/22/2013	6.26	6.56	6.13	6.54	5403204	35358616.000
04/23/2013	6.59	6.60	6.42	6.46	5231882	34400872.000
04/24/2013	6.48	6.64	6.45	6.60	3687601	24530580.000
04/25/2013	6.56	6.61	6.44	6.44	3100336	20438896.000
04/26/2013	6.44	6.48	6.33	6.33	1625664	10544077.000
05/02/2013	6.33	6.33	6.12	6.21	1485453	9378872.000
05/03/2013	6.21	6.32	6.19	6.27	1665428	10617418.000
05/06/2013	6.27	6.46	6.27	6.43	2945950	19110714.000
05/07/2013	6.51	6.58	6.44	6.58	4500063	29656358.000
05/08/2013	6.55	6.58	6.36	6.45	3735039	24429228.000
05/09/2013	6.45	6.51	6.38	6.51	3872005	25387520.000
05/10/2013	6.49	6.57	6.39	6.54	3771386	24896008.000
05/13/2013	6.56	6.56	6.43	6.45	2374636	15577002.000
05/14/2013	6.45	6.47	6.36	6.38	1614111	10467691.000
05/15/2013	6.37	6.42	6.35	6.41	1522398	9860891.000
05/16/2013	6.41	6.47	6.33	6.43	2067270	13428382.000
05/17/2013	6.46	6.59	6.41	6.56	4164029	27495288.000
05/20/2013	6.57	6.67	6.47	6.64	5879638	39306940.000
05/21/2013	6.59	6.70	6.54	6.67	5141829	34526004.000
05/22/2013	6.67	6.70	6.56	6.63	3794694	25577202.000
05/23/2013	6.57	6.75	6.56	6.63	4449836	30117894.000
05/24/2013	6.64	6.68	6.57	6.66	2942319	19782648.000
05/27/2013	6.66	6.83	6.62	6.76	5002352	34237332.000
05/28/2013	6.77	6.91	6.71	6.84	7242166	50156064.000
05/29/2013	6.88	6.88	6.74	6.79	3515219	24181560.000
05/30/2013	6.81	6.91	6.68	6.76	4319968	29657612.000
05/31/2013	6.72	6.78	6.59	6.60	4563162	30782724.000
06/03/2013	6.60	6.66	6.54	6.62	2651063	17734272.000
06/04/2013	6.62	6.65	6.44	6.46	2866544	19033310.000
06/05/2013	6.48	6.62	6.47	6.58	1881163	12498237.000
06/06/2013	6.55	6.59	6.39	6.39	2244650	14701613.000
06/07/2013	6.45	6.45	6.24	6.27	1792978	11501574.000
06/13/2013	6.26	6.27	5.92	6.07	1191118	7360830.000
06/14/2013	6.11	6.18	6.07	6.14	1553206	9648049.000
06/17/2013	6.14	6.20	6.04	6.17	1247910	7773263.500
06/18/2013	6.14	6.22	6.14	6.18	921845	5776270.500
06/19/2013	6.16	6.29	5.93	6.25	2120652	13276425.000
06/20/2013	6.25	6.25	5.96	6.00	1747400	10781152.000
06/21/2013	5.91	6.03	5.77	5.96	1538717	9243819.000
06/24/2013	5.97	5.98	5.50	5.51	2261512	13160287.000
06/25/2013	5.41	5.51	4.95	5.29	3055482	16027749.000
06/26/2013	5.32	5.35	5.17	5.28	1351518	7221576.000
06/27/2013	5.36	5.49	5.25	5.29	2341260	12848235.000
06/28/2013	5.29	5.49	5.24	5.44	2009564	11085018.000
07/01/2013	5.53	5.53	5.34	5.49	2564284	14112522.000
07/02/2013	5.49	5.49	5.39	5.48	1771699	9819514.000
07/03/2013	5.48	5.52	5.41	5.51	1648646	9170174.000
07/04/2013	5.47	5.70	5.41	5.63	1632829	9301447.000
07/05/2013	5.68	5.89	5.67	5.89	3324837	19604908.000
07/15/2013	5.93	6.11	5.80	5.89	2417837	14571995.000
07/16/2013	5.89	5.91	5.74	5.86	1880205	11089517.000
07/17/2013	5.81	5.84	5.71	5.71	1169633	6861592.500
07/18/2013	5.72	5.80	5.56	5.59	1854828	10702015.000
07/19/2013	5.59	5.63	5.47	5.51	1759580	9889188.000
07/22/2013	5.50	6.07	5.46	6.07	5318480	31692562.000
07/23/2013	6.16	6.36	6.08	6.27	5827356	36709908.000
07/24/2013	6.21	6.21	6.01	6.06	3952709	24297454.000
07/25/2013	6.08	6.08	5.81	5.81	3558292	21506994.000
07/26/2013	5.79	5.88	5.64	5.84	2503827	14674034.000
07/29/2013	5.86	6.06	5.86	5.89	2842120	17177818.000
07/30/2013	5.85	5.96	5.78	5.93	2254721	13473128.000
07/31/2013	5.91	6.07	5.73	6.01	2133882	12958002.000
08/01/2013	6.06	6.07	5.97	6.06	1677582	10263453.000
08/02/2013	6.07	6.09	5.90	5.91	1957278	11871618.000
08/05/2013	5.82	6.00	5.82	5.99	1323077	7997116.000
08/06/2013	6.00	6.04	5.93	6.00	1672789	10177031.000
08/07/2013	6.00	6.00	5.92	5.94	1309232	7910254.000
08/08/2013	5.94	5.94	5.83	5.90	1504600	8984076.000
08/09/2013	5.86	5.89	5.78	5.84	1928642	11430465.000
08/12/2013	5.87	6.00	5.81	5.97	2556470	15358536.000
08/13/2013	5.97	6.06	5.94	6.02	2607932	15886766.000
08/14/2013	6.05	6.05	5.94	5.96	2153953	13055663.000
08/15/2013	5.96	5.97	5.84	5.85	1614611	9660026.000
08/16/2013	5.85	5.94	5.66	5.68	2456546	14464873.000
08/19/2013	5.62	5.82	5.61	5.79	2193822	12740754.000
08/20/2013	5.75	5.89	5.75	5.85	2173982	12867046.000
08/21/2013	5.81	5.92	5.78	5.90	1412104	8421723.000
08/22/2013	5.89	5.89	5.80	5.86	880578	5216821.500
08/23/2013	5.82	5.89	5.70	5.74	1187788	6989294.500
08/26/2013	5.75	5.87	5.74	5.85	940966	5576152.000
08/27/2013	5.84	5.96	5.81	5.95	2114225	12682746.000
08/28/2013	5.91	5.99	5.87	5.91	1804351	10865469.000
08/29/2013	5.91	5.99	5.91	5.98	1788054	10811130.000
08/30/2013	5.98	6.06	5.93	5.97	2590746	15811404.000
09/02/2013	5.97	6.07	5.94	6.06	3250208	19901098.000
09/03/2013	6.08	6.41	6.03	6.20	7222423	45591564.000
09/04/2013	6.14	6.22	6.10	6.15	3553093	22208142.000
09/05/2013	6.19	6.20	6.00	6.00	3007390	18466020.000
09/06/2013	6.02	6.12	6.00	6.08	2767422	17049536.000
09/09/2013	6.08	6.15	6.03	6.13	2319766	14380715.000
09/10/2013	6.10	6.23	6.10	6.20	2936777	18432950.000
09/11/2013	6.17	6.23	6.11	6.14	2058966	12835875.000
09/12/2013	6.13	6.21	6.10	6.17	2189967	13722400.000
09/13/2013	6.17	6.29	6.17	6.25	2797056	17682712.000
09/16/2013	6.29	6.31	6.21	6.24	2955440	18806172.000
09/17/2013	6.23	6.23	6.01	6.03	2369278	14774716.000
09/18/2013	6.03	6.16	5.98	6.16	1739309	10757676.000
09/23/2013	6.16	6.23	6.12	6.21	1645608	10323880.000
09/24/2013	6.41	6.41	6.18	6.23	2342767	14857157.000
09/25/2013	6.22	6.23	6.10	6.11	1837008	11524236.000
09/26/2013	6.12	6.16	6.01	6.03	1411437	8672351.000
09/27/2013	6.03	6.09	5.97	5.99	1330347	8114237.000
09/30/2013	6.01	6.06	6.00	6.06	811257	4974423.500
10/08/2013	6.03	6.22	6.01	6.19	1808606	11294902.000
10/09/2013	6.19	6.23	6.12	6.21	1523430	9544061.000
10/10/2013	6.20	6.27	6.14	6.23	2169157	13671908.000
10/11/2013	6.26	6.35	6.23	6.31	3632207	23185110.000
10/14/2013	6.31	6.42	6.30	6.36	3685600	23800208.000
10/15/2013	6.37	6.41	6.29	6.31	2779986	17851236.000
10/16/2013	6.35	6.50	6.22	6.34	4412756	28443702.000
10/17/2013	6.27	6.58	6.27	6.55	7504400	49478920.000
10/18/2013	6.49	6.51	6.30	6.37	3749086	24325866.000
10/22/2013	6.29	6.41	6.22	6.33	6379720	40821736.000
10/23/2013	6.34	6.41	6.15	6.15	4341774	27742852.000
10/24/2013	6.12	6.14	5.92	5.96	3634846	22164536.000
10/25/2013	5.98	6.02	5.93	6.01	2085993	12657842.000
10/28/2013	6.06	6.15	6.01	6.04	2319677	14280119.000
10/29/2013	6.08	6.11	5.58	5.81	3341588	19964144.000
10/30/2013	5.80	6.01	5.67	5.97	2179457	13071842.000
10/31/2013	5.97	6.58	5.86	6.42	15238905	98808856.000
11/01/2013	6.27	6.36	6.09	6.19	7229399	45568264.000
11/04/2013	6.22	6.26	6.10	6.18	4417882	27636238.000
11/05/2013	6.21	6.81	6.19	6.69	23529779	158426336.000
11/06/2013	6.47	7.08	6.45	6.85	27088470	186070320.000
11/07/2013	6.76	6.96	6.61	6.66	16803384	115581824.000
11/08/2013	6.60	6.82	6.56	6.70	9011394	61105748.000
11/11/2013	6.61	6.69	6.45	6.57	9125587	60789252.000
11/12/2013	6.64	7.23	6.53	7.05	21236210	149281856.000
11/13/2013	6.72	6.89	6.60	6.62	13726531	93662152.000
11/14/2013	6.51	6.60	6.42	6.60	9325812	61582264.000
11/15/2013	6.54	6.78	6.54	6.58	11337168	76262008.000
11/18/2013	6.67	6.97	6.60	6.88	13021886	89292424.000
11/19/2013	6.82	7.04	6.75	6.93	11937248	83460928.000
11/20/2013	6.90	6.92	6.78	6.90	7032342	48759932.000
11/21/2013	6.84	7.39	6.77	7.26	19347870	139094624.000
11/22/2013	7.18	7.37	7.04	7.21	13049587	95015736.000
11/25/2013	7.01	7.27	6.96	7.11	9166270	66323332.000
11/26/2013	7.07	7.21	7.02	7.11	5343952	38541324.000
11/27/2013	7.09	7.20	6.98	7.14	7110748	51027184.000
11/28/2013	7.15	7.21	7.03	7.06	8154939	58753092.000
11/29/2013	7.01	7.10	6.92	7.04	5983548	42419472.000
12/02/2013	6.88	6.93	6.33	6.44	11718064	77804928.000
12/03/2013	6.41	6.63	6.39	6.60	5632045	37411180.000
12/04/2013	6.55	6.73	6.54	6.67	6306280	42605356.000
12/05/2013	6.65	6.76	6.61	6.62	4911989	33177752.000
12/06/2013	6.65	6.74	6.61	6.66	3089478	20860992.000
12/09/2013	6.69	6.73	6.62	6.66	3169979	21401194.000
12/10/2013	6.66	6.69	6.53	6.60	3535293	23673532.000
12/11/2013	6.60	6.65	6.50	6.63	4246175	28305086.000
12/12/2013	6.63	6.65	6.57	6.59	2003107	13414429.000
12/13/2013	6.58	6.68	6.47	6.66	3107148	20867446.000
12/16/2013	6.70	6.81	6.64	6.66	4726816	32215930.000
12/17/2013	6.66	6.68	6.51	6.52	2377367	15848278.000
12/18/2013	6.59	6.70	6.54	6.58	2237596	15025880.000
12/19/2013	6.62	6.75	6.57	6.58	3108794	20971964.000
12/20/2013	6.58	6.60	6.33	6.38	3191945	20802628.000
12/23/2013	6.39	6.41	6.21	6.37	1634425	10488818.000
12/24/2013	6.35	6.53	6.33	6.46	2557118	16637653.000
12/25/2013	6.43	6.51	6.36	6.50	1996071	13071630.000
12/26/2013	6.47	6.56	6.41	6.49	2775926	18290822.000
12/27/2013	6.48	6.65	6.43	6.63	3263001	21840806.000
12/30/2013	6.63	6.72	6.62	6.63	2463548	16637379.000
12/31/2013	6.60	6.68	6.56	6.57	2079338	13919221.000
01/02/2014	6.58	6.64	6.49	6.54	1700901	11280287.000
01/03/2014	6.52	6.54	6.36	6.37	2340609	15212146.000
01/06/2014	6.37	6.39	6.13	6.14	2250900	14231236.000
01/07/2014	6.12	6.16	6.06	6.11	1806169	11197586.000
01/08/2014	6.11	6.17	5.97	6.06	1905803	11728399.000
01/09/2014	6.02	6.10	5.99	5.99	1888160	11574967.000
01/10/2014	5.98	6.08	5.93	5.98	1327003	8086994.000
01/13/2014	5.98	6.08	5.97	6.05	896353	5468851.000
01/14/2014	6.04	6.12	6.00	6.08	1098382	6759927.000
01/15/2014	6.10	6.11	6.02	6.06	1190550	7320483.500
01/16/2014	6.05	6.12	6.03	6.09	1015899	6263785.500
01/17/2014	6.07	6.07	5.94	5.97	1146697	6986051.000
01/20/2014	5.94	5.97	5.71	5.81	1988088	11694727.000
01/21/2014	5.78	5.87	5.75	5.83	1240151	7344484.500
01/22/2014	5.83	6.00	5.82	5.96	2323376	14009174.000
01/23/2014	5.96	6.03	5.91	6.01	2693759	16361494.000
01/24/2014	6.00	6.09	5.97	6.06	1994230	12223162.000
01/27/2014	6.02	6.02	5.95	5.97	1616161	9818406.000
01/28/2014	5.97	6.05	5.97	6.04	1556407	9517031.000
01/29/2014	6.07	6.14	6.03	6.10	1847282	11423539.000
01/30/2014	6.10	6.13	6.06	6.10	1194838	7391917.000
02/07/2014	6.08	6.15	6.05	6.15	1885321	11695628.000
02/10/2014	6.14	6.35	6.13	6.27	2836160	17995446.000
02/11/2014	6.30	6.40	6.26	6.33	3286424	21073804.000
02/12/2014	6.32	6.35	6.29	6.35	2084908	13360313.000
02/13/2014	6.37	6.53	6.31	6.51	5487455	35807556.000
02/14/2014	6.48	6.54	6.40	6.51	4408776	28891788.000
02/17/2014	6.51	6.55	6.43	6.48	3926147	25802994.000
02/18/2014	6.49	6.51	6.37	6.42	3664815	23874724.000
02/19/2014	6.43	6.57	6.37	6.56	5001876	32947918.000
02/20/2014	6.69	6.89	6.45	6.48	5498416	36986600.000
02/21/2014	6.44	6.50	6.29	6.37	3341040	21646986.000
02/24/2014	6.35	6.44	6.29	6.44	1837274	11846576.000
02/25/2014	6.46	6.46	6.17	6.21	2935013	18784732.000
02/26/2014	6.19	6.24	6.06	6.23	1450516	9085214.000
02/27/2014	6.21	6.62	6.21	6.41	4900385	31916538.000
02/28/2014	6.37	6.51	6.21	6.48	3812759	24689408.000
03/03/2014	6.47	6.59	6.46	6.56	3835535	25401054.000
03/04/2014	6.51	6.66	6.48	6.64	4142560	27620778.000
03/05/2014	6.61	6.63	6.50	6.51	2745667	18228656.000
03/06/2014	6.51	6.54	6.39	6.54	2544665	16663915.000
03/07/2014	6.49	6.59	6.46	6.54	2149743	14254049.000
03/10/2014	6.52	6.66	6.41	6.42	4132307	27368152.000
03/11/2014	6.37	6.37	6.20	6.25	2805524	17814380.000
03/12/2014	6.21	6.35	6.18	6.32	1839494	11702122.000
03/13/2014	6.31	6.45	6.27	6.43	2068472	13361977.000
03/14/2014	6.41	6.50	6.34	6.50	1720576	11189190.000
03/17/2014	6.69	6.79	6.51	6.62	6608779	44348580.000
03/18/2014	6.53	6.73	6.53	6.61	3839075	25709746.000
03/19/2014	6.59	6.70	6.49	6.69	4155017	27943766.000
03/20/2014	6.68	6.75	6.51	6.52	3949964	26654096.000
03/21/2014	6.55	6.91	6.55	6.84	10531653	72568856.000
03/24/2014	6.79	6.95	6.72	6.92	7371323	51117020.000
03/25/2014	6.84	7.07	6.78	7.06	9018243	63408568.000
03/26/2014	6.99	7.06	6.89	6.93	4366232	30693080.000
03/27/2014	6.91	6.92	6.71	6.79	3807134	26274316.000
03/28/2014	6.85	6.85	6.52	6.59	3171663	21422652.000
03/31/2014	6.56	6.66	6.51	6.56	2318779	15464117.000
04/01/2014	6.56	6.65	6.51	6.61	2221321	14826380.000
04/02/2014	6.61	6.64	6.56	6.57	1562848	10446616.000
04/03/2014	6.58	6.67	6.55	6.62	1794655	12042879.000
04/04/2014	6.61	6.68	6.55	6.68	1439368	9666515.000
04/08/2014	6.64	6.85	6.62	6.78	2704562	18524728.000
04/09/2014	6.77	6.82	6.74	6.79	1563175	10739904.000
04/10/2014	6.79	6.81	6.75	6.76	1723718	11840598.000
04/11/2014	6.75	6.75	6.59	6.59	2774646	18658774.000
04/14/2014	6.57	6.66	6.56	6.66	2239105	14993174.000
04/15/2014	6.64	6.66	6.57	6.57	1838250	12311159.000
04/16/2014	6.57	6.65	6.54	6.61	1951968	13046773.000
04/17/2014	6.61	6.64	6.55	6.56	1928075	12849157.000
04/18/2014	6.54	6.59	6.49	6.57	1738042	11514176.000
04/21/2014	6.55	6.58	6.46	6.47	1647670	10889650.000
04/22/2014	6.47	6.54	6.34	6.42	1972344	12820901.000
04/23/2014	6.39	6.50	6.34	6.45	1875542	12247520.000
04/24/2014	6.45	6.47	6.27	6.32	1652112	10681006.000
04/25/2014	6.31	6.66	6.26	6.27	2070249	13364773.000
04/28/2014	6.26	6.47	5.96	5.99	2227150	13815891.000
04/29/2014	5.99	6.06	5.91	6.04	1882750	11405659.000
04/30/2014	6.04	6.11	6.00	6.10	738087	4542596.000
05/05/2014	6.00	6.13	6.00	6.13	839707	5193182.000
05/06/2014	6.12	6.18	6.09	6.13	983101	6132794.500
05/07/2014	6.11	6.14	5.99	6.03	832383	5136476.000
05/08/2014	5.99	6.13	5.99	6.04	906237	5579989.500
05/09/2014	6.04	6.07	5.95	6.06	1045370	6392250.500
05/12/2014	6.07	6.20	6.06	6.20	1366003	8523022.000
05/13/2014	6.21	6.23	6.15	6.17	760374	4772410.000
05/14/2014	6.21	6.21	6.10	6.13	1150816	7160585.000
05/15/2014	6.13	6.25	6.01	6.25	3508345	21917620.000
05/16/2014	6.20	6.20	6.00	6.13	2403158	14811991.000
05/19/2014	6.13	6.13	5.98	6.09	1143170	6985972.500
05/20/2014	6.11	6.17	6.01	6.06	2268153	14035312.000
05/21/2014	6.05	6.08	5.96	6.05	1175679	7184724.000
05/22/2014	6.10	6.66	6.07	6.66	10840111	72318568.000
05/23/2014	6.61	6.61	6.36	6.51	11531100	75494760.000
05/26/2014	6.43	6.48	6.36	6.45	5753901	37437428.000
05/27/2014	6.44	6.49	6.30	6.30	4439310	28632264.000
05/28/2014	6.30	6.37	6.26	6.36	2620451	16813806.000
05/29/2014	6.34	6.35	6.15	6.18	3610442	22954150.000
05/30/2014	6.22	6.25	6.14	6.19	2348242	14554839.000
06/03/2014	6.19	6.25	6.15	6.16	2610380	16218987.000
06/04/2014	6.16	6.16	6.05	6.09	2504749	15317623.000
06/05/2014	6.10	6.19	6.04	6.16	1979866	12180491.000
06/06/2014	6.17	6.18	6.09	6.12	1574543	9667093.000
06/09/2014	6.16	6.16	6.07	6.08	1138980	6985470.000
06/10/2014	6.08	6.15	6.07	6.14	1573796	9656776.000
06/11/2014	6.10	6.23	6.10	6.20	2457048	15228074.000
06/12/2014	6.19	6.25	6.13	6.21	2816896	17460076.000
06/13/2014	6.21	6.24	6.17	6.22	2861166	17817154.000
06/16/2014	6.21	6.24	6.18	6.20	2357946	14698786.000
06/17/2014	6.19	6.23	6.15	6.16	1567896	9715769.000
06/18/2014	6.15	6.16	6.08	6.11	1640655	10068485.000
06/19/2014	6.12	6.12	5.96	5.97	1937945	11739598.000
06/20/2014	5.96	6.01	5.93	6.00	993930	5963605.000
06/23/2014	6.00	6.05	5.99	6.02	986610	5963066.500
06/24/2014	6.04	6.07	6.02	6.04	957100	5800534.000
06/25/2014	6.04	6.04	5.97	6.01	652072	3926683.000
06/26/2014	5.99	6.08	5.99	6.07	1035381	6291576.500
06/27/2014	6.07	6.14	6.04	6.13	2041048	12492374.000
06/30/2014	6.14	6.22	6.11	6.15	1887389	11672068.000
07/01/2014	6.18	6.20	6.15	6.18	1346290	8334636.500
07/02/2014	6.17	6.21	6.14	6.20	1975302	12226637.000
07/03/2014	6.18	6.24	6.16	6.24	2144892	13380854.000
07/04/2014	6.29	6.32	6.19	6.20	2135200	13375281.000
07/07/2014	6.16	6.23	6.15	6.22	1143340	7120936.000
07/08/2014	6.21	6.23	6.16	6.21	1958477	12170450.000
07/09/2014	6.19	6.24	6.11	6.12	2306497	14314563.000
07/10/2014	6.13	6.16	6.09	6.13	1756508	10809627.000
07/11/2014	6.14	6.25	6.12	6.20	2819289	17515962.000
07/14/2014	6.20	6.31	6.19	6.30	3378261	21224590.000
07/15/2014	6.30	6.31	6.24	6.28	2049333	12876976.000
07/16/2014	6.30	6.31	6.23	6.25	1695789	10645452.000
07/17/2014	6.24	6.34	6.20	6.31	2497242	15667056.000
07/18/2014	6.28	6.32	6.24	6.26	2010113	12673390.000
07/21/2014	6.26	6.29	6.20	6.25	1413515	8867900.000
07/22/2014	6.26	6.41	6.21	6.34	3892428	24666530.000
07/23/2014	6.33	6.33	6.23	6.27	2762973	17406896.000
07/24/2014	6.26	6.31	6.21	6.27	2242886	14109512.000
07/25/2014	6.29	6.40	6.27	6.37	4581451	29168156.000
07/28/2014	6.38	6.46	6.36	6.44	4735397	30473186.000
07/29/2014	6.43	6.52	6.41	6.48	4456837	28932830.000
07/30/2014	6.46	6.66	6.44	6.57	7826044	51735696.000
07/31/2014	6.55	6.61	6.48	6.57	3142537	20653464.000
08/01/2014	6.55	6.61	6.46	6.47	3965602	26004154.000
08/04/2014	6.45	6.66	6.45	6.66	4893593	32388870.000
08/05/2014	6.67	6.68	6.59	6.65	2430981	16173305.000
08/06/2014	6.83	7.26	6.73	6.89	12645269	87628152.000
08/07/2014	6.84	7.58	6.77	7.32	34115002	253678128.000
08/08/2014	7.10	7.24	7.05	7.11	18224925	130218264.000
08/11/2014	7.07	7.22	6.96	7.18	12121389	86051544.000
08/12/2014	7.15	7.57	7.05	7.38	17760497	130263440.000
08/13/2014	7.38	7.38	7.09	7.15	14647630	105990320.000
08/14/2014	7.16	7.56	7.07	7.48	18041606	132400336.000
08/15/2014	7.33	7.44	7.28	7.36	13167961	97135640.000
08/18/2014	7.34	7.36	7.19	7.31	9349554	68044696.000
08/19/2014	7.28	7.30	7.16	7.23	9346828	67571112.000
08/20/2014	7.24	7.33	7.19	7.27	6925096	50314892.000
08/21/2014	7.22	7.26	7.13	7.19	5510951	39649156.000
08/22/2014	7.19	7.31	7.17	7.23	5822434	42254944.000
08/25/2014	7.21	7.26	7.20	7.23	3799760	27568274.000
08/26/2014	7.24	7.25	6.90	6.95	6346494	44858592.000
08/27/2014	6.90	7.01	6.90	6.95	2586978	18038418.000
08/28/2014	6.95	7.03	6.87	6.90	2969528	20641174.000
08/29/2014	6.92	7.01	6.83	6.99	2098179	14580752.000
09/01/2014	6.96	7.13	6.94	7.10	3497173	24820648.000
09/02/2014	7.12	7.16	7.07	7.15	3983682	28439458.000
09/03/2014	7.16	7.30	7.14	7.19	5069202	36661292.000
09/04/2014	7.17	7.29	7.14	7.27	5259091	38125536.000
09/05/2014	7.27	7.27	7.16	7.22	4270055	30871554.000
09/09/2014	7.23	7.34	7.18	7.29	5963409	43612860.000
09/10/2014	7.29	7.66	7.23	7.58	14659545	110331824.000
09/11/2014	7.58	8.03	7.53	7.79	15731826	122720296.000
09/12/2014	7.77	7.90	7.68	7.84	8015866	62758812.000
09/15/2014	7.83	7.93	7.78	7.87	6845995	53946108.000
09/16/2014	7.87	8.03	7.62	7.84	13594445	107223944.000
09/17/2014	7.79	8.28	7.63	8.15	17080065	137265504.000
09/18/2014	8.08	8.30	8.03	8.05	9360611	76286936.000
09/19/2014	8.10	8.19	8.00	8.17	7930915	64494556.000
09/22/2014	8.16	8.47	8.00	8.02	8852562	72444672.000
09/23/2014	8.05	8.28	8.01	8.19	7882033	64443180.000
09/24/2014	8.16	8.58	8.08	8.48	13132078	109452304.000
09/25/2014	8.58	8.67	8.37	8.46	8765983	74792880.000
09/26/2014	8.48	8.53	8.38	8.53	5205056	44155148.000
09/29/2014	8.55	8.86	8.52	8.61	6833507	58984612.000
09/30/2014	8.61	8.71	8.38	8.66	6860865	58872120.000
10/08/2014	8.64	8.84	8.48	8.73	4603006	40039944.000
10/09/2014	8.73	9.07	8.68	9.00	10152374	90854936.000
10/10/2014	8.99	9.51	8.87	9.18	10555283	98021984.000
10/13/2014	9.18	9.18	8.54	8.89	9181905	81340160.000
10/14/2014	8.89	8.89	8.58	8.66	9035331	78815152.000
10/15/2014	8.71	8.81	8.62	8.67	5708794	49736532.000
10/16/2014	8.65	8.75	8.35	8.39	6159915	52927272.000
10/17/2014	8.41	8.45	8.01	8.17	6065259	49806680.000
10/20/2014	8.18	8.35	8.18	8.34	4360136	36193500.000
10/21/2014	8.35	8.42	8.23	8.31	5065170	42174332.000
10/22/2014	8.31	8.55	8.26	8.30	4769833	40164676.000
10/23/2014	8.30	8.36	7.93	8.06	4597361	37474140.000
10/24/2014	8.03	8.23	8.03	8.17	2715003	22191596.000
10/27/2014	8.17	8.33	8.10	8.31	2593768	21344012.000
10/28/2014	8.37	8.49	8.31	8.44	4452252	37410956.000
10/29/2014	8.44	8.45	8.33	8.43	6314005	53102144.000
10/30/2014	8.38	8.46	8.34	8.44	4491019	37865644.000
10/31/2014	8.44	8.48	8.18	8.34	3930400	32857562.000
11/03/2014	8.28	8.40	8.26	8.37	3705608	30881828.000
11/04/2014	8.35	8.43	8.31	8.39	3301400	27699794.000
11/05/2014	8.43	8.43	8.19	8.19	3806680	31610074.000
11/06/2014	8.20	8.35	8.17	8.30	2708421	22423848.000
11/07/2014	8.29	8.35	8.15	8.21	3314834	27500164.000
11/10/2014	8.19	8.32	8.14	8.32	3110614	25725916.000
11/11/2014	8.31	8.32	7.97	8.02	3919347	31901010.000
11/12/2014	7.97	8.09	7.91	8.08	3153097	25324556.000
11/13/2014	8.06	8.33	7.93	8.26	5228272	42392368.000
11/14/2014	8.08	8.16	8.00	8.09	2726692	22143994.000
11/17/2014	8.10	8.23	8.03	8.17	2345280	19192334.000
11/18/2014	8.17	8.23	8.10	8.19	2021986	16568406.000
11/19/2014	8.19	8.50	8.17	8.50	6760549	56799308.000
11/20/2014	8.46	8.78	8.41	8.67	9811943	85247528.000
11/21/2014	8.68	8.70	8.56	8.67	5383968	46530704.000
11/24/2014	8.78	8.82	8.50	8.58	7264579	62982712.000
11/25/2014	8.58	8.65	8.48	8.62	4911301	42154500.000
11/26/2014	8.64	8.64	8.47	8.57	5476081	46892820.000
11/27/2014	8.58	8.65	8.51	8.63	5553878	47789380.000
11/28/2014	8.65	8.65	8.38	8.44	7707025	65494716.000
12/01/2014	8.44	8.68	8.40	8.50	7177407	61527476.000
12/02/2014	8.48	8.74	8.46	8.66	9123290	79149344.000
12/03/2014	8.74	9.53	8.56	9.35	23722012	215842704.000
12/04/2014	9.22	9.46	9.17	9.33	10936116	101962136.000
12/05/2014	9.35	9.36	8.55	8.94	11479226	103101272.000
12/08/2014	8.78	8.94	8.60	8.70	8421256	73804552.000
12/09/2014	8.67	8.69	8.09	8.24	8602304	73135512.000
12/10/2014	7.73	8.51	7.73	8.45	6408895	52594396.000
12/11/2014	8.38	8.50	8.28	8.40	4182836	35159972.000
12/12/2014	8.34	8.60	8.30	8.40	3322838	28005796.000
12/15/2014	8.42	8.69	8.37	8.67	5733678	49424968.000
12/16/2014	8.67	8.76	8.38	8.52	6589876	56239744.000
12/17/2014	8.48	8.51	8.29	8.32	3500021	29262958.000
12/18/2014	8.31	8.31	8.16	8.22	4165375	34277100.000
12/19/2014	8.22	8.22	7.99	8.12	3173265	25715512.000
12/22/2014	8.12	8.13	7.78	7.84	4972549	39323636.000
12/23/2014	7.84	8.02	7.78	7.83	3477869	27466924.000
12/24/2014	7.81	8.08	7.78	8.07	3869889	30619454.000
12/25/2014	8.02	8.08	7.98	8.06	2736965	22020790.000
12/26/2014	8.04	8.06	7.93	7.98	2458763	19664386.000
12/29/2014	7.94	7.97	7.74	7.78	3242943	25388566.000
12/30/2014	7.78	7.85	7.23	7.46	4264504	32141230.000
12/31/2014	7.35	7.57	7.35	7.46	2663506	19930712.000
01/05/2015	7.49	7.80	7.48	7.71	4001142	30666896.000
01/06/2015	7.66	7.72	7.56	7.69	3267117	24974660.000
01/07/2015	7.75	7.75	7.63	7.66	2428954	18692952.000
01/08/2015	7.65	7.73	7.59	7.71	3299990	25339618.000
01/09/2015	7.67	7.72	7.62	7.64	3219250	24770216.000
01/12/2015	7.56	7.66	7.18	7.51	2878951	21591474.000
01/13/2015	7.43	7.57	7.43	7.52	1409752	10636524.000
01/14/2015	7.52	7.64	7.46	7.57	2463406	18633184.000
01/15/2015	7.57	7.61	7.50	7.57	1768249	13390241.000
01/16/2015	7.60	7.68	7.55	7.66	2097241	16050522.000
01/19/2015	7.62	7.75	7.37	7.43	3310334	25100754.000
01/20/2015	7.44	7.72	7.43	7.72	3295676	25158786.000
01/21/2015	7.73	7.93	7.71	7.86	4340679	34123480.000
01/22/2015	7.89	7.96	7.83	7.96	3832571	30313284.000
01/23/2015	7.96	8.02	7.91	7.94	3357615	26796868.000
01/26/2015	7.89	8.00	7.84	7.99	4113658	32580814.000
01/27/2015	7.98	8.14	7.94	8.10	5466922	44146464.000
01/28/2015	8.09	8.12	8.04	8.05	2814422	22812524.000
01/29/2015	7.99	8.25	7.99	8.16	4627984	37934788.000
01/30/2015	8.16	8.56	8.16	8.47	10464310	88481944.000
02/02/2015	8.41	8.58	8.24	8.53	6441216	54606876.000
02/03/2015	8.53	8.53	8.30	8.41	4426509	37347480.000
04/20/2015	9.25	9.25	9.25	9.25	294724	2732091.500
04/21/2015	10.18	10.18	10.18	10.18	313558	3198291.500
04/22/2015	11.20	11.20	11.20	11.20	551022	6182467.000
04/23/2015	11.98	11.98	10.99	11.26	47519341	542227776.000
04/24/2015	10.88	11.06	10.70	10.93	22238466	241882192.000
04/27/2015	10.99	11.12	10.75	10.84	21726563	236833344.000
04/28/2015	10.88	10.94	10.06	10.22	20081363	210551776.000
04/29/2015	10.24	10.65	10.22	10.51	12570963	131822800.000
04/30/2015	10.51	11.15	10.46	11.01	19278726	208491616.000
05/04/2015	10.93	11.06	10.71	10.88	13807878	150131824.000
05/05/2015	11.28	11.97	11.18	11.97	58305724	688193472.000
05/06/2015	11.80	11.80	10.90	11.08	38273658	437141536.000
05/07/2015	10.51	10.78	9.97	9.98	21537613	221370016.000
05/08/2015	9.94	10.74	9.93	10.49	20585942	213708864.000
05/11/2015	10.73	11.28	10.54	11.19	21584890	235552528.000
05/12/2015	11.20	12.31	10.93	11.94	33625513	392951104.000
05/13/2015	13.14	13.14	13.14	13.14	11583332	152436656.000
05/14/2015	14.46	14.46	14.46	14.46	3103353	44936552.000
05/15/2015	15.91	15.91	13.78	15.06	51407498	756475968.000
05/18/2015	14.57	16.57	14.31	16.45	35929726	563764096.000
05/19/2015	16.28	17.93	15.98	16.36	32614568	545673536.000
05/20/2015	15.98	17.25	15.98	16.40	29970336	496052000.000
05/21/2015	16.40	16.66	16.07	16.58	18915250	309158016.000
05/22/2015	16.65	16.85	15.73	16.25	17228751	280792672.000
05/25/2015	16.14	17.25	15.78	17.19	26288544	441117920.000
05/26/2015	17.07	17.93	16.68	17.21	19829102	341257472.000
05/27/2015	17.21	18.48	16.58	18.08	22220086	385657184.000
05/28/2015	18.28	18.38	16.27	16.27	22369206	387985280.000
05/29/2015	15.80	16.49	14.64	15.78	16693488	263517616.000
06/01/2015	15.78	16.33	15.54	16.24	13795525	223080400.000
06/02/2015	16.23	16.67	15.53	16.61	21485997	343436576.000
06/03/2015	16.37	17.43	16.29	17.20	22441608	377806816.000
06/04/2015	17.21	17.66	16.01	17.14	15415734	263372944.000
06/05/2015	17.26	17.59	16.69	17.13	15510592	266785744.000
06/08/2015	17.16	17.49	16.50	16.85	13162733	222312448.000
06/09/2015	16.70	17.35	16.47	16.88	15446634	260815568.000
06/10/2015	17.04	18.25	16.65	18.02	27874515	493990400.000
06/11/2015	17.92	19.20	17.73	18.85	30853638	576531456.000
06/12/2015	18.85	18.92	17.99	18.11	23359669	427501440.000
06/15/2015	18.20	18.65	17.98	18.20	20290792	373266656.000
06/16/2015	18.18	18.18	16.90	17.60	15974703	280905536.000
06/17/2015	17.60	18.20	16.66	18.10	13713438	240868496.000
06/18/2015	18.02	18.68	17.50	17.81	17621935	320483616.000
06/19/2015	17.30	17.50	16.03	16.03	11697714	194774128.000
06/23/2015	15.78	16.05	14.43	15.55	13635578	206498480.000
06/24/2015	15.93	16.50	15.55	16.17	19459046	313369792.000
06/25/2015	16.17	16.35	14.88	15.40	12360637	196893264.000
06/26/2015	15.30	15.30	13.86	13.86	13008135	185261504.000
06/29/2015	13.61	14.39	12.47	12.47	15058072	193583456.000
06/30/2015	11.22	13.11	11.22	12.99	17767946	212622512.000
07/01/2015	12.70	13.40	11.69	11.69	15294451	194534288.000
07/02/2015	11.76	11.99	10.52	10.52	15643099	172206080.000
07/03/2015	9.47	10.39	9.47	9.47	15299963	147163248.000
07/06/2015	10.38	10.38	8.52	8.52	21156400	189820272.000
07/07/2015	8.00	8.00	7.67	7.67	19587874	150851248.000
07/14/2015	8.44	8.44	8.44	8.44	129227	1090675.875
07/15/2015	9.28	9.28	8.95	9.05	28598261	262786336.000
07/16/2015	8.45	9.92	8.37	9.71	25862162	242163168.000
07/17/2015	9.60	10.64	9.60	10.54	18858858	193654176.000
07/20/2015	10.54	11.20	10.49	10.75	19041295	204575248.000
07/21/2015	10.60	11.14	10.31	11.03	15328372	166484128.000
07/22/2015	10.98	11.95	10.81	11.53	19220623	215368720.000
07/23/2015	11.75	11.95	11.40	11.87	15783422	185125808.000
07/24/2015	11.80	12.50	11.00	11.33	19312407	229239280.000
07/27/2015	11.09	11.68	10.20	10.20	15235897	167245264.000
07/28/2015	9.28	10.28	9.18	9.41	16725244	158693872.000
07/29/2015	9.65	10.20	9.08	10.15	14400846	137564032.000
07/30/2015	9.98	10.50	9.60	9.60	15070260	151253280.000
07/31/2015	9.41	9.76	9.31	9.54	9459931	90326112.000
08/03/2015	9.51	9.70	8.79	8.95	8430871	77208856.000
08/04/2015	8.95	9.70	8.95	9.69	10443218	97748360.000
08/05/2015	9.60	10.19	9.50	10.19	16654117	165190976.000
08/06/2015	9.95	10.53	9.81	10.37	14777239	152334448.000
08/07/2015	10.40	10.81	10.30	10.81	15543035	164197600.000
08/10/2015	11.05	11.79	10.86	11.51	19058092	215144336.000
08/11/2015	11.42	11.78	11.22	11.30	17378103	199231808.000
08/12/2015	11.24	11.47	11.00	11.12	10273967	115626664.000
08/13/2015	10.91	11.49	10.75	11.36	11220715	125036808.000
08/14/2015	11.40	11.70	11.30	11.44	14575238	167245728.000
08/17/2015	11.35	11.87	11.09	11.83	18229435	210806048.000
08/18/2015	11.83	11.90	10.65	10.65	14145470	159444896.000
08/19/2015	10.08	10.90	9.69	10.65	12379546	126221512.000
08/20/2015	10.55	10.60	9.98	10.00	9224375	95241688.000
08/21/2015	9.84	10.15	9.25	9.48	11016004	107110616.000
08/24/2015	9.16	9.39	8.53	8.53	20624766	178157888.000
08/25/2015	7.90	9.35	7.80	9.09	33543940	285709984.000
08/26/2015	8.99	10.00	8.45	9.82	47260440	441462528.000
08/27/2015	9.80	9.80	8.84	9.40	37714810	348826304.000
08/28/2015	9.24	10.15	8.79	10.04	33421622	314515328.000
08/31/2015	9.89	10.40	9.40	9.98	31398780	310357888.000
09/01/2015	9.70	10.15	8.98	8.98	20478706	195244512.000
09/02/2015	8.08	8.96	8.08	8.08	22428520	185023648.000
09/07/2015	8.05	8.49	7.78	7.86	14225486	116478936.000
09/08/2015	7.95	8.25	7.39	8.16	15330613	119863568.000
09/09/2015	8.10	8.64	8.10	8.49	18521592	155225760.000
09/10/2015	8.36	9.34	8.23	9.34	32219914	289692096.000
09/11/2015	9.28	9.63	9.17	9.38	33082602	310852192.000
09/14/2015	9.39	9.45	8.44	8.44	26412245	235834144.000
09/15/2015	7.87	8.09	7.60	7.60	18759071	146021392.000
09/16/2015	7.63	8.36	7.60	8.28	19452101	154731120.000
09/17/2015	8.10	8.49	7.80	7.80	21141950	171837440.000
09/18/2015	7.86	8.05	7.61	7.84	11112587	86810904.000
09/21/2015	7.75	8.29	7.71	8.26	11931648	96545160.000
09/22/2015	8.25	8.53	8.16	8.32	14712919	122442736.000
09/23/2015	8.10	8.30	8.01	8.13	8797481	71782096.000
09/24/2015	8.14	8.38	8.14	8.37	8844641	73129096.000
09/25/2015	8.32	8.68	8.10	8.21	14836337	124636512.000
09/28/2015	8.21	8.55	7.81	8.45	9901247	81695264.000
09/29/2015	8.18	8.39	8.01	8.20	8044033	66088000.000
09/30/2015	8.25	8.44	8.23	8.27	7565990	62837916.000
10/08/2015	8.53	8.71	8.40	8.61	13495487	115633456.000
10/09/2015	8.59	8.85	8.49	8.81	12677504	110451400.000
10/12/2015	8.90	9.32	8.86	9.17	20373993	186848608.000
10/13/2015	9.13	9.71	9.03	9.68	21357988	201616128.000
10/14/2015	9.74	9.93	9.33	9.34	22947189	220828352.000
10/15/2015	9.19	9.69	9.18	9.66	13187583	124997544.000
10/16/2015	9.95	10.10	9.50	9.69	19806070	194103024.000
10/19/2015	9.65	9.91	9.50	9.73	18660082	180918000.000
10/20/2015	9.65	9.90	9.58	9.86	14810691	144337312.000
10/21/2015	9.86	10.75	9.65	9.93	38052014	387980864.000
10/22/2015	9.93	10.44	9.73	10.41	32188909	325041344.000
10/23/2015	10.30	11.45	10.08	11.45	33213074	354826336.000
10/26/2015	11.40	11.42	10.86	10.97	23625125	262198784.000
10/27/2015	10.97	10.97	10.50	10.85	15409630	165107856.000
10/28/2015	10.83	11.29	10.35	10.35	16821058	183738032.000
10/29/2015	10.51	10.60	10.23	10.38	10934937	113856824.000
10/30/2015	10.39	10.50	10.00	10.47	9755079	100604488.000
11/02/2015	10.02	10.46	9.95	9.98	10654645	108513512.000
11/03/2015	9.98	10.21	9.88	10.05	8857887	89156472.000
11/04/2015	10.18	10.80	10.10	10.72	14348198	150428864.000
11/05/2015	10.63	11.10	10.51	10.81	22794421	245320640.000
11/06/2015	10.61	11.89	10.61	11.89	42435671	487660544.000
11/09/2015	11.89	12.33	11.31	11.87	49042938	585112448.000
11/10/2015	11.70	12.01	11.45	11.62	26741816	311748960.000
11/11/2015	11.56	11.77	11.22	11.64	21160383	241996336.000
11/12/2015	11.54	11.67	11.31	11.39	15091109	172827952.000
11/13/2015	11.20	12.35	11.13	11.84	37159440	441563296.000
11/16/2015	11.68	12.47	11.46	12.40	23726359	284575392.000
11/17/2015	12.38	12.81	12.00	12.01	24188133	297647680.000
11/18/2015	11.86	12.12	11.40	11.50	14503061	171828384.000
11/19/2015	11.70	11.89	11.30	11.76	10910122	126761016.000
11/20/2015	11.76	12.15	11.65	11.87	11712030	139855376.000
11/23/2015	11.87	12.18	11.71	11.93	11447615	137465712.000
11/24/2015	11.90	12.15	11.45	11.94	11214961	132271920.000
11/25/2015	11.96	12.34	11.91	12.28	13623295	164787840.000
11/26/2015	12.38	12.40	11.91	11.94	12008511	145867520.000
11/27/2015	11.91	11.96	10.75	10.75	12883100	147245952.000
11/30/2015	10.80	11.25	10.61	11.24	13198013	144258672.000
12/01/2015	11.15	11.39	10.99	11.10	6262105	69944720.000
12/02/2015	11.34	11.54	10.80	11.20	8417650	94620672.000
12/03/2015	11.20	11.48	11.13	11.46	5921216	67313808.000
12/04/2015	11.41	12.13	11.39	11.85	15063364	178725280.000
12/07/2015	11.88	12.70	11.69	12.55	16823185	205378080.000
12/08/2015	12.34	13.47	12.22	12.88	22370327	285535616.000
12/09/2015	12.82	13.15	12.51	12.55	11530342	147953456.000
12/10/2015	12.58	12.62	12.05	12.29	8513192	104598352.000
12/11/2015	12.28	12.75	12.10	12.55	7208497	89677064.000
12/14/2015	12.39	13.10	12.25	13.01	8062611	102884032.000
12/15/2015	13.01	13.15	12.72	12.88	8294327	107118936.000
12/16/2015	12.99	13.07	12.65	12.69	11481201	147417504.000
12/17/2015	12.72	13.96	12.72	13.72	24942410	338069696.000
12/18/2015	13.69	14.08	13.42	13.80	12035525	164936672.000
12/21/2015	13.74	14.72	13.56	14.63	10936732	156001360.000
12/22/2015	14.62	15.08	14.18	14.38	9730220	141737792.000
12/23/2015	14.30	14.54	13.93	13.95	8425160	119052400.000
12/24/2015	13.90	14.78	13.78	14.15	9842962	140658624.000
12/25/2015	14.13	14.73	14.00	14.57	9671118	139568896.000
12/28/2015	14.50	14.57	13.95	14.36	12136176	171893344.000
12/29/2015	14.05	14.50	13.89	14.37	6369937	89959464.000
12/30/2015	14.47	15.01	14.30	14.76	8044560	119172416.000
12/31/2015	14.64	14.95	14.31	14.33	4891396	71328184.000
01/04/2016	14.31	14.31	12.90	12.90	5448688	73779888.000
01/05/2016	11.95	13.15	11.61	12.86	9994868	125431240.000
01/06/2016	12.80	13.22	12.60	13.08	4207926	54448216.000
01/07/2016	12.83	12.90	11.77	11.80	1408333	17075338.000
01/08/2016	12.15	12.45	11.20	11.30	13320733	155142880.000
01/11/2016	10.80	11.00	10.17	10.17	7903334	83309368.000
01/12/2016	9.90	10.83	9.85	10.26	9802628	102259864.000
01/13/2016	10.30	10.58	9.40	9.54	4572193	46322364.000
01/14/2016	9.01	9.95	9.00	9.86	5196123	49452752.000
01/15/2016	9.82	9.93	9.00	9.12	6340371	59857648.000
01/18/2016	8.96	9.53	8.60	9.25	6526781	60009664.000
01/19/2016	9.20	10.16	9.13	10.10	8496377	83132560.000
01/20/2016	10.05	10.84	9.90	10.36	7549651	78547312.000
01/21/2016	10.26	10.59	9.96	10.00	4956371	50827132.000
01/22/2016	10.07	10.46	9.86	10.30	5116610	52157060.000
01/25/2016	10.55	10.76	10.36	10.55	7249102	76601240.000
01/26/2016	10.38	10.38	9.50	9.50	7694638	75862864.000
01/27/2016	9.30	9.62	8.74	9.31	5052317	46149644.000
01/28/2016	9.12	9.40	8.76	8.78	2994544	27183410.000
01/29/2016	8.87	9.31	8.80	9.20	4362491	39710188.000
02/01/2016	9.13	9.58	9.13	9.38	4125126	38473388.000
02/02/2016	9.30	9.97	9.30	9.83	3445617	33584664.000
02/03/2016	9.76	9.99	9.56	9.80	3765048	36903368.000
02/04/2016	9.79	10.26	9.79	10.12	3712059	37655752.000
02/05/2016	10.13	10.28	9.82	9.84	2775153	27813968.000
02/15/2016	9.31	10.11	9.20	10.00	3354570	32971612.000
02/16/2016	10.01	10.85	9.90	10.58	5211892	54683584.000
02/17/2016	10.58	11.04	10.51	10.63	4670685	50353056.000
02/18/2016	10.70	10.98	10.60	10.67	3320951	35798256.000
02/19/2016	10.56	10.80	10.51	10.66	2434294	25970806.000
02/22/2016	10.78	11.40	10.78	11.20	4361406	48279456.000
02/23/2016	11.20	11.31	10.53	10.88	4082167	44252888.000
02/24/2016	10.82	10.98	10.31	10.72	4847519	51259004.000
02/25/2016	10.55	10.63	9.65	9.69	5071559	51258596.000
02/26/2016	9.71	9.92	9.28	9.77	3967123	38406628.000
02/29/2016	9.77	9.77	8.79	8.91	5401528	48610900.000
03/01/2016	9.03	9.39	9.02	9.28	4066472	37431156.000
03/02/2016	9.23	9.90	9.06	9.82	4843011	46758768.000
03/03/2016	9.79	10.15	9.72	9.82	2744388	27262434.000
03/04/2016	9.73	9.99	9.44	9.59	2524496	24451948.000
03/07/2016	9.78	10.37	9.66	10.35	7238486	72109784.000
03/08/2016	10.20	10.28	9.65	10.13	5828149	57783840.000
03/09/2016	9.81	10.07	9.70	9.78	3010385	29711934.000
03/10/2016	9.82	10.00	9.48	9.52	2498489	24316850.000
03/11/2016	9.35	9.48	9.17	9.34	3007089	27979994.000
03/14/2016	9.51	9.94	9.48	9.82	3623245	35471388.000
03/15/2016	9.80	9.90	9.66	9.72	2696253	26362960.000
03/16/2016	9.85	10.05	9.72	9.74	3258277	32236414.000
03/17/2016	9.79	10.27	9.79	10.09	4456487	44736276.000
03/18/2016	10.09	10.54	10.09	10.42	5838859	60423020.000
03/21/2016	10.45	10.97	10.40	10.70	6433462	68543480.000
03/22/2016	10.66	11.00	10.55	10.85	9434715	101653104.000
03/23/2016	10.73	10.90	10.57	10.77	5559400	59690688.000
03/24/2016	10.64	10.80	10.30	10.41	3882200	40881952.000
03/25/2016	10.47	10.66	10.42	10.62	2941400	31067452.000
03/28/2016	10.65	11.37	10.65	10.82	9132281	100690976.000
03/29/2016	10.85	10.94	10.50	10.71	5723710	61152292.000
03/30/2016	10.71	11.19	10.66	11.05	4729300	51498740.000
03/31/2016	11.03	11.33	10.95	11.04	4406757	49021256.000
04/01/2016	11.05	11.08	10.76	10.97	3702516	40425896.000
04/05/2016	11.02	11.58	11.00	11.41	7096109	80590600.000
04/06/2016	11.39	12.00	11.23	11.81	8048987	94501904.000
04/07/2016	11.77	11.97	11.38	11.53	4760000	55011460.000
04/08/2016	11.41	11.47	11.14	11.28	2968700	33517154.000
04/11/2016	11.38	11.75	11.38	11.60	3320500	38635888.000
04/12/2016	11.50	12.08	11.50	11.99	7224900	86351712.000
04/13/2016	11.86	12.38	11.86	12.18	5047800	61727516.000
04/14/2016	12.14	12.30	11.92	12.20	3153691	38146472.000
04/15/2016	12.20	12.43	12.05	12.34	2898311	35638856.000
04/18/2016	12.33	12.33	11.83	12.02	3494800	41820308.000
04/19/2016	12.07	12.14	11.53	11.71	5203500	61123084.000
04/20/2016	11.77	11.83	10.78	11.15	5655183	64001176.000
04/21/2016	11.15	11.34	10.68	10.70	5277600	58252876.000
04/22/2016	10.68	11.77	10.53	11.77	9103100	103469728.000
04/25/2016	11.77	11.80	11.10	11.30	8118682	92533328.000
04/26/2016	11.39	11.59	11.10	11.56	5961346	67870200.000
04/27/2016	11.47	11.83	11.46	11.48	5289891	61571820.000
04/28/2016	11.51	11.76	11.23	11.50	3631098	41767824.000
04/29/2016	11.41	11.68	11.32	11.59	2694017	31197556.000
05/03/2016	11.70	11.81	11.43	11.81	4280600	50013296.000
05/04/2016	11.81	12.09	11.62	11.65	4816620	56944372.000
05/05/2016	11.62	12.07	11.61	11.93	5861628	69697656.000
05/06/2016	11.96	12.00	11.18	11.70	6940373	80384520.000
05/09/2016	11.53	12.02	11.15	11.90	9535059	112020888.000
05/10/2016	11.79	12.79	11.66	12.29	11491329	141582864.000
05/11/2016	12.10	12.78	11.70	12.61	9973262	122892504.000
05/12/2016	12.04	12.49	11.75	12.25	5530677	67455784.000
05/13/2016	12.20	12.68	11.60	11.68	8259653	100740400.000
05/16/2016	11.40	11.40	10.90	11.39	9616822	107805296.000
05/17/2016	11.20	11.58	11.20	11.39	3824700	43614024.000
05/18/2016	11.20	11.25	10.72	10.91	3865255	42428804.000
05/19/2016	10.70	11.19	10.70	10.94	2227789	24549366.000
05/20/2016	10.74	11.10	10.67	11.05	1564350	17115620.000
05/23/2016	11.08	11.48	11.08	11.44	2728515	30673354.000
05/24/2016	11.45	11.60	11.33	11.44	3084981	35378220.000
05/25/2016	11.48	11.58	11.13	11.19	2093402	23629928.000
05/26/2016	11.10	11.31	11.02	11.31	1892982	21186082.000
05/27/2016	11.50	11.85	11.41	11.44	4449513	51591660.000
05/30/2016	11.50	11.50	11.03	11.20	2158230	24266054.000
05/31/2016	11.20	11.70	11.05	11.66	3935092	45373120.000
06/01/2016	11.79	11.85	11.59	11.83	4640204	54436852.000
06/02/2016	11.75	12.05	11.73	11.89	4596033	54849172.000
06/03/2016	11.91	12.01	11.78	11.90	3282605	39078936.000
06/06/2016	12.01	12.50	11.77	12.03	6442726	77911264.000
06/07/2016	11.88	12.84	11.88	12.81	11569329	144433440.000
06/08/2016	12.70	12.78	12.38	12.48	7239976	90478456.000
06/13/2016	12.39	12.70	11.97	11.97	7467369	92721624.000
06/14/2016	11.90	12.50	11.70	12.50	5555078	67313072.000
06/15/2016	12.50	13.67	12.41	13.14	15022807	195511328.000
06/16/2016	13.00	13.60	12.70	13.34	11994618	158423728.000
06/17/2016	13.38	13.40	13.00	13.11	5849118	76822856.000
06/20/2016	13.12	13.46	12.88	13.18	5857776	77333624.000
06/21/2016	13.19	13.54	12.95	12.95	5283307	69901560.000
06/22/2016	12.83	13.03	12.45	12.80	6950273	88122896.000
06/23/2016	12.79	12.98	12.43	12.54	5206261	65503000.000
06/24/2016	12.65	12.95	12.04	12.83	10749760	136703872.000
06/27/2016	12.59	12.90	12.47	12.90	8999133	114468784.000
06/28/2016	12.77	12.88	12.62	12.86	5671734	72553680.000
06/29/2016	12.83	12.93	12.63	12.69	4792257	61048880.000
06/30/2016	12.70	12.89	12.40	12.56	6237290	78722816.000
07/01/2016	12.56	12.62	12.24	12.30	5410295	66845228.000
07/04/2016	12.30	12.48	12.23	12.36	7168216	88639336.000
07/05/2016	12.36	12.56	12.30	12.55	7091089	88158480.000
07/06/2016	12.50	12.70	12.46	12.57	7197852	90522440.000
07/07/2016	12.50	12.52	12.30	12.43	5942838	73638008.000
07/08/2016	12.44	12.58	12.33	12.34	4971000	61741268.000
07/11/2016	12.34	12.40	11.96	12.05	7890391	96590832.000
07/12/2016	12.06	12.15	11.65	11.91	9429153	112117744.000
07/13/2016	11.93	12.27	11.91	12.26	7420743	90166080.000
07/14/2016	12.20	12.40	12.07	12.40	6335411	77592120.000
07/15/2016	12.45	12.47	12.17	12.21	5360137	65853456.000
07/18/2016	12.12	12.26	12.10	12.10	3113384	37885116.000
07/19/2016	12.11	12.16	11.90	12.11	5013992	60247360.000
07/20/2016	12.10	12.19	11.98	12.12	4302675	51944916.000
07/21/2016	12.12	12.29	12.08	12.20	5020750	61194360.000
07/22/2016	12.28	12.28	11.91	11.94	4501535	54283040.000
07/25/2016	11.88	12.08	11.80	12.03	3664852	43955676.000
07/26/2016	12.07	12.20	11.96	12.19	3099597	37611072.000
07/27/2016	12.24	12.38	11.41	11.56	7053181	84356640.000
07/28/2016	11.60	11.78	11.13	11.39	3980215	45588764.000
07/29/2016	11.39	11.57	11.13	11.24	3977251	45186852.000
08/01/2016	11.23	11.48	10.91	11.31	4105905	45867452.000
08/02/2016	11.25	11.38	11.05	11.22	2630408	29399280.000
08/03/2016	11.19	11.24	11.08	11.21	2179379	24316234.000
08/04/2016	11.18	11.22	11.00	11.19	3022197	33549734.000
08/05/2016	11.15	11.22	11.04	11.07	2422068	26949828.000
08/08/2016	11.08	11.32	10.85	11.20	5182600	57399444.000
08/09/2016	11.23	12.32	11.09	12.32	19761576	234699472.000
08/10/2016	12.32	12.53	12.03	12.32	20573187	252302944.000
08/11/2016	12.20	12.48	11.90	12.32	15029986	183626016.000
08/12/2016	12.44	12.70	12.05	12.35	27016265	332555392.000
08/15/2016	12.20	12.50	12.09	12.34	26472511	326381984.000
08/16/2016	12.34	12.51	12.18	12.33	18957357	233121232.000
08/17/2016	12.25	12.78	12.21	12.52	27042911	338117792.000
08/18/2016	12.42	12.53	12.19	12.26	15748230	193924896.000
08/19/2016	12.26	12.30	11.96	11.96	8962710	108159824.000
08/22/2016	11.92	11.99	11.61	11.65	8850958	104322760.000
08/23/2016	11.65	11.89	11.60	11.73	5509588	64648088.000
08/24/2016	11.73	11.82	11.55	11.58	5612833	65367640.000
08/25/2016	11.52	11.83	11.24	11.64	13354203	154114080.000
08/26/2016	11.65	12.50	11.65	12.24	25509100	311746464.000
08/29/2016	12.05	12.19	11.77	11.78	14581630	173174432.000
08/30/2016	11.83	11.86	11.60	11.62	7239638	84412056.000
08/31/2016	11.61	11.74	11.57	11.65	4323881	50321040.000
09/01/2016	11.68	11.70	11.50	11.50	3940024	45772656.000
09/02/2016	11.50	11.57	11.40	11.48	3242914	37227156.000
09/05/2016	11.48	11.68	11.47	11.51	3106846	35930308.000
09/06/2016	11.51	12.00	11.49	11.65	7603921	88757712.000
09/07/2016	11.64	12.25	11.57	12.12	24167784	290688864.000
09/08/2016	12.01	12.39	11.87	11.92	20839844	252399360.000
09/09/2016	11.85	12.71	11.68	12.30	30398400	371813824.000
09/12/2016	12.10	12.44	11.95	12.03	14851257	180695248.000
09/13/2016	12.09	12.64	11.96	12.51	25381100	313684448.000
09/14/2016	12.39	12.94	12.25	12.73	28099633	352890592.000
09/19/2016	12.72	12.91	12.55	12.79	23155586	294730432.000
09/20/2016	12.75	13.06	12.53	12.72	25710340	327752032.000
09/21/2016	12.72	13.99	12.40	13.99	56233440	748713472.000
09/22/2016	13.99	14.25	13.52	14.21	68170362	945577600.000
09/23/2016	14.60	14.63	13.72	13.72	45075944	631968896.000
09/26/2016	13.60	14.03	13.50	13.63	39170516	539590336.000
09/27/2016	13.63	14.06	13.26	14.04	38330814	527142144.000
09/28/2016	14.00	14.05	13.62	13.63	31341243	433730240.000
09/29/2016	13.53	14.40	13.53	14.00	47918065	668792832.000
09/30/2016	13.80	14.56	13.45	14.02	44414789	618916480.000
数据来源:通达信
