002051 中工国际 日线 前复权
      日期	    开盘	    最高	    最低	    收盘	    成交量	    成交额
03/19/2012	14.92	15.33	13.86	14.95	6424344	187255328.000
03/20/2012	14.65	15.24	14.01	14.61	3117258	91494744.000
03/21/2012	14.61	14.82	14.31	14.40	1212390	35427584.000
03/22/2012	14.44	14.63	14.07	14.13	948252	27253618.000
03/23/2012	14.22	14.33	13.93	14.19	863067	24619570.000
03/26/2012	14.11	14.18	13.75	13.92	708689	19930700.000
03/27/2012	14.01	14.11	13.88	13.93	592172	16757141.000
03/28/2012	13.91	13.92	12.76	13.05	1023867	27570272.000
03/29/2012	13.05	13.05	12.40	12.73	1238162	31976402.000
03/30/2012	12.73	13.43	12.54	13.28	979038	26151146.000
04/05/2012	13.29	13.66	13.26	13.48	618783	16911932.000
04/06/2012	13.59	13.59	13.16	13.35	706565	19130966.000
04/09/2012	13.36	13.56	13.07	13.15	552607	14974219.000
04/11/2012	13.53	13.96	13.42	13.82	830984	23056118.000
04/12/2012	13.82	13.95	13.59	13.86	551615	15404846.000
04/13/2012	13.80	14.00	13.65	13.92	421905	11859860.000
04/16/2012	13.85	14.03	13.78	13.93	395725	11145135.000
04/17/2012	13.93	14.32	13.86	14.12	551682	15749342.000
04/18/2012	14.07	14.28	13.91	14.20	552708	15747927.000
04/19/2012	14.80	14.91	14.19	14.23	1545369	45463516.000
04/20/2012	14.23	14.48	14.17	14.47	762598	22043706.000
04/23/2012	14.40	14.69	14.05	14.07	610297	17676840.000
04/24/2012	14.07	14.32	13.90	14.32	680717	19353390.000
04/26/2012	14.55	14.75	14.22	14.30	506234	14656130.000
04/27/2012	14.37	14.39	13.97	14.02	258017	7353485.500
05/02/2012	14.15	14.38	13.99	14.34	548812	15714978.000
05/03/2012	14.30	14.43	14.09	14.28	590970	16917552.000
05/04/2012	14.28	14.28	14.11	14.25	427334	12204142.000
05/07/2012	14.24	14.25	14.03	14.16	482511	13745063.000
05/08/2012	14.16	14.23	13.90	13.98	700356	19753844.000
05/09/2012	13.98	13.98	13.53	13.64	1063019	29509254.000
05/10/2012	13.76	13.85	13.53	13.83	502857	13928926.000
05/11/2012	13.90	14.16	13.83	13.87	1420973	40168400.000
05/14/2012	14.23	15.08	14.23	14.67	3576023	106076800.000
05/15/2012	14.39	15.02	14.39	14.79	2053224	60809620.000
05/16/2012	14.83	15.18	14.28	14.42	1733925	51863880.000
05/17/2012	14.51	15.97	14.51	15.97	4172251	130323208.000
05/18/2012	16.28	17.49	15.51	15.82	7285439	238069040.000
05/21/2012	15.63	15.98	15.53	15.68	2834170	89317000.000
05/22/2012	15.82	16.48	15.71	16.38	2796555	90721192.000
05/23/2012	16.42	16.58	16.10	16.32	2412073	78876048.000
05/24/2012	16.12	16.19	15.72	16.13	1963830	62757368.000
05/25/2012	15.99	16.12	15.70	15.88	1313990	41698812.000
05/28/2012	15.73	16.29	15.46	16.15	1425620	45247924.000
05/29/2012	16.15	17.05	15.99	16.87	2507205	83627032.000
05/30/2012	16.69	16.85	16.54	16.66	919781	30558758.000
05/31/2012	16.66	16.85	16.52	16.80	769706	25691984.000
06/01/2012	16.70	16.98	16.70	16.71	749586	25170188.000
06/04/2012	16.35	16.79	15.98	16.04	1638085	53151864.000
06/05/2012	16.04	16.15	15.78	15.83	987129	31484624.000
06/06/2012	15.86	16.20	15.57	15.83	1267220	40320960.000
06/07/2012	16.08	16.42	16.08	16.16	911336	29639922.000
06/08/2012	16.34	16.57	16.02	16.46	1199117	39324696.000
06/11/2012	16.44	17.36	16.04	17.16	1614363	54639368.000
06/12/2012	17.17	17.51	17.06	17.22	960957	33106864.000
06/13/2012	17.23	17.49	17.07	17.42	810165	27962256.000
06/14/2012	17.38	17.45	17.12	17.15	1318274	45265668.000
06/15/2012	17.12	17.17	16.78	16.92	703497	23692760.000
06/18/2012	16.95	17.77	16.79	17.75	1624812	56738596.000
06/19/2012	17.83	18.32	17.19	17.56	1804366	48639252.000
06/20/2012	17.62	17.81	16.94	17.10	1546648	40161012.000
06/21/2012	17.03	17.28	16.70	17.27	1512774	39146380.000
06/25/2012	17.07	17.14	16.28	16.58	2210551	55613708.000
06/26/2012	16.58	17.00	16.45	16.85	1337347	34037896.000
06/27/2012	16.73	17.49	16.73	17.41	1493427	39089968.000
06/28/2012	17.34	17.56	16.99	17.23	790041	20716254.000
06/29/2012	17.22	17.73	17.01	17.53	846490	22385194.000
07/02/2012	17.80	17.84	17.42	17.79	1130299	30264264.000
07/03/2012	17.79	17.92	17.60	17.62	619114	16617359.000
07/04/2012	17.63	17.76	17.15	17.47	952292	25157326.000
07/05/2012	17.33	17.52	16.72	16.87	933492	24055600.000
07/06/2012	16.93	17.56	16.88	17.54	834394	21784686.000
07/09/2012	17.97	19.26	17.91	19.00	6386186	180887264.000
07/10/2012	19.12	20.10	18.81	19.22	5694007	166839728.000
07/11/2012	19.06	19.70	18.67	19.67	3588172	103643528.000
07/12/2012	19.57	19.93	19.10	19.28	3378167	99115216.000
07/13/2012	19.22	19.47	19.13	19.31	1444821	42040736.000
07/16/2012	19.35	19.52	19.08	19.19	1992424	57973888.000
07/17/2012	19.15	19.24	18.67	19.03	2250834	64592668.000
07/18/2012	19.15	19.22	18.54	18.67	2213082	62594884.000
07/19/2012	18.67	19.42	18.58	19.06	1293716	37305048.000
07/20/2012	19.47	19.53	19.06	19.19	1854387	54002196.000
07/23/2012	19.19	19.40	18.67	19.29	1165655	33286306.000
07/24/2012	19.22	19.22	18.81	19.07	628604	17995426.000
07/25/2012	19.08	19.14	18.87	19.12	556495	15953712.000
07/26/2012	19.12	19.89	18.67	18.93	2180400	63710496.000
07/27/2012	18.77	19.35	18.77	19.01	1175762	33813556.000
07/30/2012	19.08	19.33	18.92	18.97	595481	17174664.000
07/31/2012	18.97	19.26	18.60	19.01	958072	27567214.000
08/01/2012	19.07	19.42	18.82	19.19	1143947	33188024.000
08/02/2012	19.19	19.62	19.09	19.52	1892645	55603656.000
08/03/2012	19.58	20.30	19.37	20.24	1540467	46147604.000
08/06/2012	20.26	20.67	19.99	20.48	2073563	63532696.000
08/07/2012	20.33	20.74	20.27	20.54	1237281	38298008.000
08/08/2012	20.41	20.57	20.14	20.42	827538	25381472.000
08/09/2012	20.37	20.92	20.24	20.78	858879	26727810.000
08/10/2012	20.82	20.99	20.62	20.65	1108465	34590372.000
08/13/2012	20.65	20.75	20.26	20.45	953115	29524080.000
08/14/2012	20.39	21.09	20.28	21.03	1729880	53913128.000
08/15/2012	21.06	21.65	20.94	21.31	874779	27991372.000
08/16/2012	21.31	21.49	20.94	21.03	765098	24206458.000
08/17/2012	21.03	21.57	20.55	20.89	946140	29551842.000
08/20/2012	20.65	20.82	20.54	20.75	881139	27376312.000
08/21/2012	20.74	21.48	20.56	21.22	704988	22463066.000
08/22/2012	21.22	21.44	20.54	20.81	859275	26896210.000
08/23/2012	20.92	20.92	20.19	20.34	1205486	37025376.000
08/24/2012	20.34	20.47	19.99	19.99	718641	21904654.000
08/27/2012	19.76	20.37	19.76	20.28	953463	28930604.000
08/28/2012	20.28	20.44	20.11	20.37	821593	25007632.000
08/29/2012	20.37	20.44	20.04	20.28	796238	24189478.000
08/30/2012	20.06	20.31	19.22	19.22	2048454	60474816.000
08/31/2012	19.12	19.57	19.05	19.36	907122	26338504.000
09/03/2012	19.53	20.75	19.24	20.56	1251510	37849644.000
09/04/2012	20.56	20.74	20.34	20.44	901988	27753608.000
09/05/2012	20.46	20.61	20.12	20.44	999669	30498796.000
09/06/2012	20.44	20.74	20.44	20.50	333323	10331097.000
09/07/2012	20.67	21.62	20.12	21.51	1514405	48142152.000
09/10/2012	21.97	21.97	21.33	21.51	1455195	47275924.000
09/11/2012	21.44	21.58	21.16	21.28	695794	22315372.000
09/12/2012	21.41	22.09	21.41	21.72	1334940	43685484.000
09/13/2012	21.48	21.90	21.31	21.31	538988	17466322.000
09/14/2012	21.33	21.65	20.47	20.82	1336102	41967700.000
09/17/2012	20.89	21.13	20.61	20.68	705088	21978348.000
09/18/2012	20.61	20.85	20.07	20.77	973431	30137260.000
09/19/2012	20.75	20.75	20.31	20.47	606332	18673950.000
09/20/2012	20.39	20.40	19.86	19.92	641925	19412190.000
09/21/2012	19.85	20.08	19.22	19.22	1325229	39113668.000
09/24/2012	18.94	19.51	18.94	19.33	1450048	41917100.000
09/25/2012	19.36	19.67	19.22	19.36	694950	20415320.000
09/26/2012	19.29	19.43	19.06	19.13	511568	14802347.000
09/27/2012	18.87	20.25	18.72	19.50	713235	21001384.000
09/28/2012	19.50	19.92	19.42	19.83	732753	21861526.000
10/08/2012	20.06	20.25	19.71	20.12	242530	7318346.500
10/09/2012	20.19	20.51	19.99	20.23	676400	20675236.000
10/10/2012	20.26	20.31	20.10	20.27	873559	26609790.000
10/11/2012	20.47	20.47	19.80	19.80	1066975	31992834.000
10/12/2012	19.92	19.92	19.19	19.25	1360198	39977680.000
10/15/2012	19.25	19.25	18.44	18.47	1656860	46808912.000
10/16/2012	18.52	18.84	18.46	18.65	2231093	62604180.000
10/17/2012	18.65	19.29	18.63	19.11	1836457	52550828.000
10/18/2012	19.12	19.78	18.96	19.56	1275761	37312980.000
10/19/2012	19.56	19.61	19.25	19.57	956432	28030138.000
10/22/2012	19.58	19.62	18.78	18.88	2811570	80764608.000
10/23/2012	18.81	19.07	18.69	18.96	1152534	32862752.000
10/24/2012	18.75	18.84	17.85	18.61	2304742	64435500.000
10/25/2012	18.72	18.72	18.18	18.25	919308	25495726.000
10/26/2012	18.24	18.36	18.02	18.25	1090813	29993310.000
10/29/2012	18.26	18.72	18.18	18.29	598532	16722727.000
10/30/2012	18.60	18.72	18.34	18.63	941899	26421772.000
10/31/2012	18.47	19.21	18.47	19.16	1764469	50481536.000
11/01/2012	19.10	19.44	18.84	19.24	1890009	54646816.000
11/02/2012	19.26	19.33	18.95	19.22	493786	14326374.000
11/05/2012	19.22	19.42	18.97	18.97	687002	19938688.000
11/06/2012	18.97	19.22	18.84	19.19	687010	19770270.000
11/07/2012	19.19	19.57	18.95	18.99	704199	20507288.000
11/08/2012	19.02	19.34	19.01	19.08	586695	17014662.000
11/09/2012	19.08	19.08	18.57	18.63	472231	13394465.000
11/12/2012	18.63	19.04	18.57	18.67	290416	8197203.000
11/13/2012	18.72	18.87	18.39	18.39	382267	10715083.000
11/14/2012	18.58	18.81	18.27	18.53	309077	8687051.000
11/15/2012	18.40	18.82	18.39	18.46	361178	10085012.000
11/16/2012	18.37	18.53	17.76	18.28	1103169	30176190.000
11/19/2012	18.32	18.48	18.19	18.47	300548	8328533.000
11/20/2012	18.59	19.12	18.53	18.91	937486	26709544.000
11/21/2012	18.85	19.14	18.67	18.95	420802	11998828.000
11/22/2012	18.95	19.08	18.62	18.62	633258	18072610.000
11/23/2012	18.62	18.91	18.62	18.89	335667	9548260.000
11/26/2012	18.89	19.08	18.60	18.60	368650	10396926.000
11/27/2012	18.32	18.64	18.12	18.42	647535	17919082.000
11/28/2012	18.18	18.49	17.97	18.24	479744	13263106.000
11/29/2012	18.15	18.47	18.15	18.23	410952	11370623.000
11/30/2012	18.22	18.74	18.12	18.69	562443	15776920.000
12/03/2012	18.71	18.76	18.53	18.66	603780	16996062.000
12/04/2012	18.53	19.05	18.35	19.05	877735	24612288.000
12/05/2012	19.04	19.50	18.69	19.48	2515422	72638800.000
12/06/2012	19.42	19.43	19.02	19.12	1976927	57086692.000
12/07/2012	19.20	19.42	19.05	19.22	1457841	42308372.000
12/10/2012	19.33	19.91	19.25	19.74	1111623	32838586.000
12/11/2012	19.77	19.77	19.36	19.36	921943	27176104.000
12/12/2012	19.36	19.85	19.36	19.83	1385014	41158372.000
12/13/2012	19.83	19.90	19.40	19.65	2052513	60667176.000
12/14/2012	19.45	20.39	19.40	20.22	3528657	105909272.000
12/17/2012	20.22	20.23	19.12	19.63	5469328	161041696.000
12/18/2012	19.31	19.31	18.53	18.67	5107751	145501264.000
12/19/2012	18.04	18.71	16.90	18.11	8066480	215505872.000
12/20/2012	17.69	17.76	16.94	17.28	5518425	145114672.000
12/21/2012	17.29	17.90	17.28	17.73	5462649	146036128.000
12/24/2012	17.73	17.92	17.49	17.83	3593744	96632712.000
12/25/2012	17.83	18.70	17.76	18.53	5003679	139287008.000
12/26/2012	18.53	19.57	18.32	19.50	5064825	146740464.000
12/27/2012	19.62	19.63	19.15	19.29	4052132	117915248.000
12/28/2012	19.21	19.53	18.91	19.43	3835307	111077360.000
12/31/2012	19.42	19.64	18.62	19.50	7458134	216325600.000
01/04/2013	19.42	19.43	18.11	18.12	7762467	217746144.000
01/07/2013	17.83	18.35	17.53	18.11	4032434	110023800.000
01/08/2013	17.94	18.33	17.94	18.11	4203929	115317208.000
01/09/2013	18.13	18.87	18.13	18.69	2820638	79242152.000
01/10/2013	18.74	18.87	18.33	18.52	2310976	64667252.000
01/11/2013	18.53	18.60	17.83	17.83	3008488	82639472.000
01/14/2013	17.82	18.40	17.69	18.27	2293048	62973004.000
01/15/2013	18.39	18.78	18.39	18.72	3150579	88709088.000
01/16/2013	19.01	19.71	18.98	19.22	6426764	187591120.000
01/17/2013	19.24	19.99	19.22	19.81	5284608	156401360.000
01/18/2013	19.82	20.86	19.82	20.24	3612473	111283640.000
01/21/2013	20.26	20.44	19.99	20.19	1911692	58170956.000
01/22/2013	20.20	20.22	19.51	19.54	1465784	43646176.000
01/23/2013	19.50	19.99	19.34	19.83	980388	29285842.000
01/24/2013	19.78	19.91	19.22	19.33	899977	26556886.000
01/25/2013	19.44	19.81	19.33	19.79	701431	20804290.000
01/28/2013	19.89	20.44	19.64	20.33	1288487	39168856.000
01/29/2013	20.30	20.76	19.96	19.99	1345890	40895976.000
01/30/2013	19.97	20.19	19.57	19.95	932379	27983372.000
01/31/2013	20.13	20.40	19.72	20.08	750361	22461778.000
02/01/2013	20.08	20.08	19.72	19.85	1091365	32658950.000
02/04/2013	19.47	19.85	18.87	18.95	2650397	77066744.000
02/05/2013	18.95	19.36	18.53	19.33	2084107	59527552.000
02/06/2013	19.26	19.33	18.81	18.94	2909885	83041944.000
02/07/2013	18.92	19.08	18.65	19.01	1453150	41338048.000
02/08/2013	19.01	19.41	18.94	19.28	2058110	59640608.000
02/18/2013	19.30	19.61	19.29	19.42	1483248	43404188.000
02/19/2013	19.46	19.60	18.81	18.85	1574708	45782652.000
02/20/2013	18.86	19.08	18.74	18.94	1217048	34813984.000
02/21/2013	18.81	19.14	18.41	19.10	1727476	48964948.000
02/22/2013	19.07	19.92	19.01	19.67	2604545	76827592.000
02/25/2013	19.81	19.87	19.40	19.47	1680621	49539684.000
02/26/2013	19.43	19.47	19.16	19.31	1813643	52738852.000
02/27/2013	19.32	19.57	18.87	18.99	1186619	34120776.000
02/28/2013	19.06	19.31	18.99	19.23	1125536	32536608.000
03/01/2013	19.23	19.35	18.77	18.93	1795001	51378224.000
03/04/2013	18.88	19.01	16.94	17.83	5872492	158628864.000
03/05/2013	17.76	18.35	17.56	17.97	2101527	57162932.000
03/06/2013	17.86	17.89	17.00	17.51	7058322	185990240.000
03/07/2013	17.45	17.45	17.06	17.31	3683223	96303584.000
03/08/2013	17.32	17.73	17.32	17.48	3468959	92253624.000
03/11/2013	17.51	18.04	17.51	17.90	2576407	69561296.000
03/12/2013	17.91	18.01	17.32	17.53	2318499	61918688.000
03/13/2013	17.51	17.51	16.41	17.12	3766517	96868616.000
03/14/2013	17.03	17.24	16.81	16.98	1134378	29324546.000
03/15/2013	17.10	17.10	16.47	16.94	2630733	66969792.000
03/18/2013	16.71	17.15	16.62	16.87	1264144	32411800.000
03/19/2013	16.80	17.03	16.37	16.84	2217251	56059444.000
03/20/2013	16.85	17.44	16.67	17.31	2453046	63919932.000
03/21/2013	17.38	17.68	17.25	17.34	1789072	47318996.000
03/22/2013	17.37	17.56	17.04	17.28	2105707	54794316.000
03/25/2013	17.40	17.40	16.83	16.93	2423948	62486016.000
03/26/2013	16.93	16.93	16.30	16.37	4098214	102634864.000
03/27/2013	16.38	16.65	16.37	16.54	1541007	38629720.000
03/28/2013	16.47	16.53	16.23	16.47	1796287	44826884.000
03/29/2013	16.51	17.13	16.51	17.03	2643247	67912296.000
04/01/2013	17.07	18.32	17.07	18.12	6338572	171992112.000
04/02/2013	18.11	18.11	17.69	17.89	2771949	74932136.000
04/03/2013	17.85	18.18	17.15	17.65	2814279	75091584.000
04/08/2013	17.21	18.11	17.17	17.96	2104572	56614896.000
04/09/2013	17.96	18.49	17.76	17.80	2185531	59772856.000
04/10/2013	17.73	17.99	17.57	17.76	988500	26568474.000
04/11/2013	17.87	17.95	17.58	17.66	626233	16816394.000
04/12/2013	17.66	17.80	17.45	17.50	608256	16263366.000
04/15/2013	17.28	18.00	17.28	17.80	2185478	58690352.000
04/16/2013	17.73	18.16	17.49	18.05	2260422	61672948.000
04/17/2013	18.05	18.05	17.69	17.84	2217588	59956952.000
04/18/2013	17.84	17.84	17.37	17.38	1402156	37276600.000
04/19/2013	17.64	18.09	17.47	17.90	2538593	68544976.000
04/22/2013	17.71	17.97	17.49	17.62	1767795	47260012.000
04/23/2013	17.63	17.66	16.74	17.13	2391016	61910764.000
04/24/2013	16.87	17.45	16.78	17.39	2415826	63029208.000
04/25/2013	17.15	17.60	17.10	17.31	1016788	26814286.000
04/26/2013	17.21	17.35	16.67	16.79	1948513	49751772.000
05/02/2013	16.80	16.80	16.53	16.62	945464	23879954.000
05/03/2013	16.78	17.06	16.51	16.75	2340705	59617172.000
05/06/2013	16.76	17.28	16.70	17.07	1921568	49787984.000
05/07/2013	17.22	17.22	16.82	16.97	1799727	46277652.000
05/08/2013	17.01	17.72	17.00	17.56	2972023	78330072.000
05/09/2013	17.64	17.88	17.56	17.81	3412761	91741936.000
05/10/2013	17.92	18.92	17.90	18.68	5288202	148864800.000
05/13/2013	18.77	18.88	18.49	18.75	1511777	42759492.000
05/14/2013	18.72	18.78	18.44	18.53	1194907	33492214.000
05/15/2013	18.47	18.69	18.19	18.58	1851060	51901572.000
05/16/2013	18.53	18.73	18.15	18.47	1832361	50933716.000
05/17/2013	18.47	19.22	18.31	19.16	3664276	104547552.000
05/20/2013	19.17	20.26	19.15	19.95	4576084	136507616.000
05/21/2013	19.95	20.26	19.71	19.99	1537350	46233884.000
05/22/2013	19.93	20.12	19.82	19.96	1381995	41628404.000
05/23/2013	19.96	20.47	19.96	20.30	1546416	47246820.000
05/24/2013	20.30	20.66	20.19	20.61	1603364	49393336.000
05/27/2013	20.62	20.84	20.33	20.49	1234998	38140960.000
05/28/2013	20.44	20.57	19.65	20.11	1387860	41868328.000
05/29/2013	20.10	20.32	19.92	20.11	729365	22162630.000
05/30/2013	20.11	20.15	19.94	19.97	937875	28309160.000
05/31/2013	20.01	20.33	19.94	20.23	1029053	31195956.000
06/03/2013	20.24	20.75	20.11	20.23	1542105	47378516.000
06/04/2013	20.32	20.32	19.15	19.49	2326374	69033120.000
06/05/2013	19.51	19.90	19.28	19.49	1675855	49674832.000
06/06/2013	19.63	19.91	19.08	19.13	1957991	57272744.000
06/07/2013	19.13	19.34	19.08	19.22	1462098	42294032.000
06/13/2013	19.14	19.35	18.53	19.22	653169	18754462.000
06/14/2013	19.99	20.59	19.71	20.33	2756248	83257224.000
06/17/2013	20.12	20.69	19.95	20.68	2744283	84371320.000
06/18/2013	20.73	21.07	20.27	20.81	1777183	55674944.000
06/19/2013	21.13	21.15	20.48	20.80	902079	28264624.000
06/20/2013	20.57	20.80	20.06	20.31	936370	28808436.000
06/21/2013	19.92	21.65	19.15	20.35	2969141	92118744.000
06/24/2013	20.12	20.61	18.45	18.96	1627601	47511404.000
06/25/2013	18.97	19.32	17.69	18.60	2019928	55910040.000
06/26/2013	18.94	19.53	18.25	19.49	3008750	86086696.000
06/27/2013	19.50	19.80	19.31	19.49	1913416	55978104.000
06/28/2013	19.44	19.99	18.65	18.65	3289047	95172736.000
07/01/2013	18.65	19.52	18.65	19.43	1842375	52670184.000
07/02/2013	19.40	19.74	19.15	19.43	910864	26425600.000
07/03/2013	19.42	19.60	19.11	19.50	1213927	35131824.000
07/04/2013	19.16	20.47	19.16	19.99	2104285	62511576.000
07/05/2013	20.11	20.45	19.86	19.90	1137844	34161060.000
07/08/2013	19.81	19.87	19.16	19.43	889447	25870626.000
07/09/2013	19.57	19.57	18.89	19.01	1158609	33152574.000
07/10/2013	18.81	19.50	18.60	19.04	1617647	46055532.000
07/11/2013	19.04	19.68	18.85	19.44	1909556	55066868.000
07/12/2013	19.57	19.69	18.94	18.94	1103993	31923126.000
07/15/2013	18.94	19.29	18.74	19.15	1359018	38648216.000
07/16/2013	19.14	19.14	18.58	18.81	2204852	61913440.000
07/17/2013	18.81	18.98	18.58	18.61	1350306	37994096.000
07/18/2013	18.56	18.87	18.56	18.62	1027973	28731444.000
07/19/2013	18.88	18.88	18.32	18.41	961828	26805844.000
07/22/2013	18.42	18.71	18.35	18.46	965448	26716256.000
07/23/2013	18.46	18.99	18.42	18.97	1265957	35583308.000
07/24/2013	18.94	18.97	18.48	18.61	1238004	34542116.000
07/25/2013	18.79	18.94	17.69	17.86	2910270	78712480.000
07/26/2013	17.70	17.97	17.62	17.94	623247	16662697.000
07/29/2013	17.71	18.25	17.69	18.22	1165990	31233184.000
07/30/2013	18.16	18.31	17.76	17.83	998854	26933508.000
07/31/2013	18.03	18.06	17.76	17.83	698580	18698688.000
08/01/2013	17.97	18.04	17.77	17.94	1369100	36686372.000
08/02/2013	18.01	18.17	17.81	17.81	1871422	50208888.000
08/05/2013	18.00	18.00	17.76	17.87	1802243	48115472.000
08/06/2013	17.87	17.99	17.52	17.66	2504541	66301416.000
08/07/2013	17.65	17.76	17.33	17.38	3275798	86180384.000
08/08/2013	17.44	17.88	17.37	17.75	2905072	76822816.000
08/09/2013	17.83	18.01	17.42	17.76	3001972	79969424.000
08/12/2013	17.80	18.04	17.78	17.97	3040478	81528848.000
08/13/2013	18.01	18.12	17.87	18.11	1948711	52542300.000
08/14/2013	18.22	18.25	17.76	17.82	1844033	49599860.000
08/15/2013	17.81	17.93	17.37	17.37	2106709	55421624.000
08/16/2013	17.36	17.52	16.76	16.81	3555868	91682224.000
08/19/2013	16.87	17.13	16.78	17.11	1717086	43678232.000
08/20/2013	17.07	17.17	16.90	16.99	1448714	37026028.000
08/21/2013	17.07	17.07	16.78	16.85	1947791	49446332.000
08/22/2013	16.73	16.87	16.63	16.79	1978963	49702872.000
08/23/2013	16.83	16.90	16.47	16.62	1761715	44095884.000
08/26/2013	16.62	17.03	16.44	17.03	2438043	61399740.000
08/27/2013	16.98	17.13	16.81	17.08	1890680	48089196.000
08/28/2013	16.92	17.08	16.85	16.99	2698965	68648952.000
08/29/2013	17.03	17.47	17.03	17.28	2609971	67633984.000
08/30/2013	17.31	17.46	16.99	16.99	1869752	48235080.000
09/02/2013	17.00	17.31	17.00	17.21	1587406	40931496.000
09/03/2013	17.35	17.57	17.29	17.49	2461314	64477612.000
09/04/2013	17.51	17.56	17.10	17.23	1739840	45007936.000
09/05/2013	17.22	17.23	16.83	16.85	1632834	41454412.000
09/06/2013	16.87	17.14	16.78	17.05	1392713	35610564.000
09/09/2013	16.97	17.66	16.95	17.52	2885133	75227464.000
09/10/2013	17.53	17.65	17.26	17.35	1894954	49254908.000
09/11/2013	17.47	17.52	17.14	17.27	1775166	45893744.000
09/12/2013	17.28	17.47	17.19	17.28	1432897	37111120.000
09/13/2013	17.42	17.42	17.01	17.08	2291188	59035484.000
09/16/2013	17.08	17.31	16.77	16.86	2213357	56488660.000
09/17/2013	16.80	16.86	16.44	16.67	2236480	56025024.000
09/18/2013	16.72	16.87	16.46	16.86	2361391	58978340.000
09/23/2013	16.85	17.00	16.72	16.94	1753654	44324992.000
09/24/2013	16.93	17.04	16.76	16.94	1594847	40422020.000
09/25/2013	16.94	16.99	16.53	16.59	2085441	52223880.000
09/26/2013	16.64	16.64	16.31	16.37	1766341	43579396.000
09/27/2013	16.31	16.47	15.96	16.08	1950552	47582896.000
09/30/2013	16.14	16.19	15.34	15.37	3917208	91963752.000
10/08/2013	15.37	15.49	14.93	15.40	4133900	94913024.000
10/09/2013	15.40	16.12	15.35	15.96	4382533	104008168.000
10/10/2013	16.03	16.81	16.03	16.27	3881200	96085480.000
10/11/2013	16.37	16.51	16.16	16.37	2023875	49627652.000
10/14/2013	16.37	16.46	15.68	15.93	4125721	98954480.000
10/15/2013	16.00	16.00	15.65	15.72	2275210	53887144.000
10/16/2013	15.76	15.76	15.31	15.35	2201385	51114432.000
10/17/2013	15.47	15.58	15.35	15.47	1360049	31706244.000
10/18/2013	15.44	15.58	15.37	15.49	1339990	31208798.000
10/21/2013	15.49	15.63	15.19	15.48	3141969	72671080.000
10/22/2013	15.49	15.94	15.49	15.94	4976183	117836024.000
10/23/2013	15.93	16.10	15.37	15.58	3191325	75528400.000
10/24/2013	15.65	15.73	15.23	15.25	4603514	107318248.000
10/25/2013	15.26	15.40	13.65	13.65	10219882	218668160.000
10/28/2013	13.44	13.70	13.42	13.56	2770653	57105948.000
10/29/2013	13.53	13.65	12.90	12.97	3659320	73167376.000
10/30/2013	13.05	13.15	12.72	12.82	3688685	72100360.000
10/31/2013	12.83	13.31	12.75	13.24	3556576	70093504.000
11/01/2013	13.19	13.43	12.97	13.03	2498421	49812140.000
11/04/2013	13.03	13.11	12.62	12.69	4106591	79625192.000
11/05/2013	12.59	12.62	12.22	12.44	6753849	126995832.000
11/06/2013	12.41	12.53	12.32	12.37	3772886	71310464.000
11/07/2013	12.36	12.42	12.10	12.13	2601947	48453304.000
11/08/2013	12.02	12.02	11.67	11.70	3992660	71987976.000
11/11/2013	11.70	11.89	11.54	11.73	3029100	54291000.000
11/12/2013	11.75	11.89	11.69	11.85	2320072	41779344.000
11/13/2013	11.80	11.95	11.69	11.79	2364382	42780020.000
11/14/2013	11.76	12.53	11.76	12.40	5594470	104423984.000
11/15/2013	12.39	12.78	12.28	12.58	4879719	93389304.000
11/18/2013	12.58	12.69	12.28	12.62	4229302	80151680.000
11/19/2013	12.71	12.73	12.49	12.56	2790958	53427404.000
11/20/2013	12.62	13.56	12.28	13.53	7907739	156693296.000
11/21/2013	13.37	13.40	12.97	13.06	4609548	91972584.000
11/22/2013	13.05	13.42	12.98	13.01	2882077	57744424.000
11/25/2013	13.01	13.25	12.97	13.11	2226580	44345100.000
11/26/2013	13.04	13.16	12.56	12.72	3760069	73031424.000
11/27/2013	12.62	12.85	12.60	12.71	2131884	41234792.000
11/28/2013	12.82	13.03	12.68	12.90	3150618	61714280.000
11/29/2013	12.97	12.99	12.82	12.83	2089090	40870668.000
12/02/2013	12.50	12.69	12.21	12.26	3018701	57132044.000
12/03/2013	12.21	12.60	12.16	12.50	2174690	41262380.000
12/04/2013	12.50	13.60	12.42	13.53	6161060	122615808.000
12/05/2013	13.47	13.87	13.32	13.60	5970774	123005224.000
12/06/2013	13.60	13.99	13.53	13.90	4896171	102841312.000
12/09/2013	13.93	13.94	13.61	13.67	3739392	77766128.000
12/10/2013	13.70	13.75	13.17	13.31	4045405	82024504.000
12/11/2013	13.18	13.44	13.03	13.42	2298094	46264552.000
12/12/2013	13.37	13.46	13.19	13.20	1696184	34282768.000
12/13/2013	13.17	13.60	13.03	13.42	2029547	41238476.000
12/16/2013	13.48	13.58	13.18	13.19	1570126	31774702.000
12/17/2013	13.19	13.31	12.76	12.76	2462900	48200176.000
12/18/2013	12.81	13.01	12.68	12.73	1666877	32441790.000
12/19/2013	12.81	12.99	12.62	12.81	2906309	56550064.000
12/20/2013	12.79	12.92	12.56	12.69	1682680	32469742.000
12/23/2013	12.63	12.81	12.35	12.52	1852894	35323524.000
12/24/2013	12.56	12.76	12.43	12.58	2557707	48987660.000
12/25/2013	12.65	13.15	12.49	13.03	2828889	54793768.000
12/26/2013	12.96	13.26	12.69	13.10	4466575	88210912.000
12/27/2013	13.10	13.58	13.10	13.38	4487885	91325312.000
12/30/2013	14.15	14.15	13.29	13.31	3899043	80012848.000
12/31/2013	13.29	13.59	13.25	13.46	3982897	81232816.000
01/02/2014	13.39	14.07	13.34	13.83	5185991	108049624.000
01/03/2014	13.68	13.85	13.51	13.56	3648892	75331544.000
01/06/2014	13.56	13.58	12.81	13.01	7067032	140502544.000
01/07/2014	12.85	12.96	11.79	11.93	10138839	190639968.000
01/08/2014	11.99	12.05	11.56	11.66	9384578	168515360.000
01/09/2014	11.66	12.37	11.56	11.71	7929098	144309488.000
01/10/2014	11.71	12.32	11.58	11.72	4784477	86056080.000
01/13/2014	11.79	12.12	11.79	12.00	4173914	76291928.000
01/14/2014	12.01	12.24	12.01	12.15	2324492	43027064.000
01/15/2014	12.16	12.20	11.78	12.01	3666927	66663804.000
01/16/2014	12.00	12.01	11.72	11.74	3113671	56101352.000
01/17/2014	11.69	11.81	11.62	11.79	2677549	48098676.000
01/20/2014	11.76	11.86	11.15	11.37	2279472	39972544.000
01/21/2014	11.37	11.64	11.19	11.62	2092557	36670456.000
01/22/2014	11.60	11.90	11.49	11.86	3286106	59114616.000
01/23/2014	11.86	11.96	11.67	11.69	3425653	61665232.000
01/24/2014	11.72	11.89	11.66	11.76	3986626	71587736.000
01/27/2014	11.76	11.76	11.22	11.23	6188768	107563032.000
01/30/2014	11.83	12.42	11.77	11.93	11409516	210904496.000
02/07/2014	11.71	12.31	11.66	12.29	5984538	110137320.000
02/10/2014	12.30	12.96	12.19	12.74	10626627	204601616.000
02/11/2014	12.85	13.01	12.61	12.92	8118432	157874224.000
02/12/2014	12.97	12.97	12.73	12.77	4133258	80388344.000
02/13/2014	12.76	12.90	12.51	12.52	3892812	75351432.000
02/14/2014	12.54	13.08	12.54	13.03	5545495	108267184.000
02/17/2014	13.24	13.94	13.19	13.70	10960600	227025040.000
02/18/2014	13.80	13.94	13.47	13.71	7528910	156473616.000
02/19/2014	13.72	13.90	13.40	13.48	4764404	97972200.000
02/20/2014	13.67	14.28	13.66	14.04	12718644	269480384.000
02/21/2014	13.94	14.01	13.47	13.56	6964887	145293488.000
02/24/2014	13.56	13.56	12.69	13.11	7296640	143058752.000
02/25/2014	13.06	13.28	12.15	12.47	5571076	108644248.000
02/26/2014	12.35	12.63	12.17	12.62	3285303	61843384.000
02/27/2014	12.53	12.63	12.04	12.10	5294684	99163208.000
02/28/2014	12.28	12.30	12.00	12.25	5209447	96616472.000
03/03/2014	12.27	12.51	12.07	12.49	3596806	67248536.000
03/04/2014	12.42	12.42	11.83	12.06	5267073	96772640.000
03/05/2014	12.06	12.21	11.95	12.07	1916109	35318236.000
03/06/2014	12.13	12.17	11.53	11.85	4170123	74953176.000
03/07/2014	11.88	11.99	11.71	11.81	2316598	41867648.000
03/10/2014	11.74	11.86	11.56	11.58	2129995	37905780.000
03/11/2014	11.62	11.77	11.58	11.65	2447412	43672696.000
03/12/2014	11.66	11.72	11.31	11.49	2739928	48328468.000
03/13/2014	11.56	11.72	11.40	11.65	2978639	52604220.000
03/14/2014	11.65	11.76	11.53	11.72	2323198	41250676.000
03/17/2014	11.77	12.09	11.72	12.06	3265318	59605604.000
03/18/2014	12.10	12.10	11.84	12.06	3044553	55680008.000
03/19/2014	11.99	12.03	11.65	11.69	2844380	51076068.000
03/20/2014	11.66	11.76	11.28	11.34	3547471	62445576.000
03/21/2014	11.34	11.69	11.17	11.69	4886146	85087912.000
03/24/2014	11.74	11.82	11.62	11.76	5391608	96452296.000
03/25/2014	11.77	11.94	11.65	11.88	4923266	89114560.000
03/26/2014	11.88	11.93	11.85	11.90	3087379	55968540.000
03/27/2014	11.90	12.04	11.71	11.71	3718039	67788488.000
03/28/2014	11.75	11.82	11.48	11.67	3555232	63468796.000
03/31/2014	11.72	12.00	11.65	11.91	2540253	46075128.000
04/01/2014	11.98	12.00	11.85	11.92	2108000	38331140.000
04/02/2014	11.93	11.93	11.66	11.76	3006243	53898484.000
04/03/2014	11.85	11.97	11.76	11.89	2870125	51997068.000
04/04/2014	11.85	11.99	11.79	11.91	2457745	44628228.000
04/08/2014	11.87	12.32	11.87	12.22	4105612	76009544.000
04/09/2014	12.22	12.56	12.22	12.46	4065023	76779264.000
04/10/2014	12.48	12.61	12.30	12.48	3726542	70529248.000
04/11/2014	12.52	12.61	12.28	12.37	3683443	69641488.000
04/14/2014	12.36	12.41	12.29	12.36	2379295	44686344.000
04/15/2014	12.28	12.33	12.08	12.10	2488118	46344304.000
04/16/2014	12.10	12.49	12.01	12.37	3299742	61881392.000
04/17/2014	12.32	12.47	12.32	12.34	2619018	49417528.000
04/18/2014	12.35	12.35	12.15	12.31	1762889	32889042.000
04/21/2014	12.21	12.34	11.92	11.97	2171737	40237176.000
04/22/2014	12.01	12.06	11.30	11.74	3814308	67652056.000
04/23/2014	11.62	11.86	11.60	11.83	2358184	42326356.000
04/24/2014	11.82	12.15	11.69	11.79	2219270	40445612.000
04/25/2014	11.96	11.96	11.49	11.51	1854471	33078988.000
04/28/2014	11.58	11.64	11.32	11.47	3875742	67683344.000
04/29/2014	11.62	11.72	11.50	11.66	1807724	32090886.000
04/30/2014	11.78	11.79	11.66	11.75	1009575	18095794.000
05/05/2014	11.86	12.72	11.86	12.49	5776559	108669360.000
05/06/2014	12.48	12.85	12.48	12.53	5895877	113818280.000
05/07/2014	12.49	12.85	12.44	12.67	5942392	115017520.000
05/08/2014	12.67	12.67	12.21	12.45	4774689	73938288.000
05/09/2014	12.43	12.45	11.16	11.71	18614673	267406912.000
05/12/2014	11.53	11.98	11.37	11.87	8799980	128276680.000
05/13/2014	11.97	12.24	11.84	11.95	4652907	70033576.000
05/14/2014	11.97	12.09	11.76	12.03	2508479	37612540.000
05/15/2014	12.02	12.08	11.17	11.72	2833820	42175528.000
05/16/2014	11.76	12.06	11.67	12.04	3545061	52734120.000
05/19/2014	11.97	12.42	11.79	12.20	3438062	52354688.000
05/20/2014	12.21	12.41	12.15	12.22	2139332	32797352.000
05/21/2014	12.42	12.85	12.37	12.82	6099196	96217048.000
05/22/2014	12.75	12.94	12.53	12.54	4311542	68455704.000
05/23/2014	12.85	13.07	12.79	12.90	5028755	80840192.000
05/26/2014	12.96	13.08	12.69	12.82	5904384	95021904.000
05/27/2014	12.90	12.90	12.55	12.61	3804469	60083232.000
05/28/2014	12.56	13.03	12.56	13.00	4677229	75137328.000
05/29/2014	13.00	13.19	12.85	12.92	3248063	52537852.000
05/30/2014	12.94	13.06	12.68	12.83	2218674	35494668.000
06/03/2014	12.83	12.97	12.72	12.93	2088365	33529798.000
06/04/2014	12.92	12.92	12.17	12.63	4483648	69864464.000
06/05/2014	12.62	12.62	12.26	12.42	2873600	44346452.000
06/06/2014	12.47	12.48	12.23	12.37	2218688	34128864.000
06/09/2014	12.35	12.59	12.33	12.49	2220042	34594504.000
06/10/2014	12.50	12.87	12.39	12.77	4246964	67190144.000
06/11/2014	12.78	12.83	12.72	12.79	3286015	52296236.000
06/12/2014	12.79	13.08	12.77	13.05	3588678	57965692.000
06/13/2014	13.04	13.15	12.97	13.02	2867226	46705692.000
06/16/2014	13.12	13.54	13.02	13.46	4650576	77638456.000
06/17/2014	13.49	13.49	12.87	12.87	3862706	63048876.000
06/18/2014	12.96	13.02	12.78	12.86	1962708	31497802.000
06/19/2014	12.98	12.98	12.25	12.45	4946267	77418312.000
06/20/2014	12.52	12.59	12.19	12.45	3248512	50260992.000
06/23/2014	12.58	12.74	12.45	12.58	2938352	46195596.000
06/24/2014	12.58	12.62	12.35	12.47	2362828	36667504.000
06/25/2014	12.46	12.46	12.17	12.35	2294278	35259372.000
06/26/2014	12.45	12.63	12.36	12.49	2614227	40920320.000
06/27/2014	12.48	12.79	12.43	12.75	3572096	56292580.000
06/30/2014	12.71	13.09	12.71	13.00	3930433	63533516.000
07/01/2014	13.02	13.06	12.86	13.01	2124199	34343236.000
07/02/2014	13.01	13.13	12.90	12.99	2309686	37517744.000
07/03/2014	13.00	13.14	12.92	12.92	1996371	32454484.000
07/04/2014	12.95	13.07	12.85	12.99	1871614	30199956.000
07/07/2014	12.99	13.28	12.96	13.22	3206980	52544600.000
07/08/2014	13.21	13.22	12.96	13.18	1631517	26612456.000
07/09/2014	13.18	13.21	12.88	12.89	2614121	42407524.000
07/10/2014	12.97	13.33	12.86	13.17	2669593	43668736.000
07/11/2014	13.18	13.37	12.98	13.01	2701713	44292276.000
07/14/2014	13.02	13.29	12.92	13.19	3914859	63859568.000
07/15/2014	13.22	13.36	13.06	13.08	5811251	95380312.000
07/16/2014	13.08	13.31	13.07	13.27	4409443	72478320.000
07/17/2014	13.29	13.32	13.03	13.08	1496180	24487274.000
07/18/2014	13.10	13.22	13.00	13.03	1504487	24534186.000
07/21/2014	13.02	13.04	12.77	12.78	1934362	31038934.000
07/22/2014	12.76	13.12	12.67	13.07	2785717	45019876.000
07/23/2014	13.08	13.22	12.87	13.02	2631845	42753564.000
07/24/2014	12.92	13.33	12.83	13.29	5047609	82765136.000
07/25/2014	13.23	13.59	13.20	13.52	4245346	71020488.000
07/28/2014	13.63	13.74	13.44	13.64	4138297	70211528.000
07/29/2014	13.68	13.71	13.49	13.60	4448547	75227376.000
07/30/2014	13.50	13.73	13.47	13.65	2861821	48502928.000
07/31/2014	13.65	13.67	13.51	13.64	2766913	46718096.000
08/01/2014	13.64	13.64	13.21	13.28	4789620	80002008.000
08/04/2014	13.29	13.37	13.15	13.35	4749586	78423312.000
08/05/2014	13.83	14.71	13.83	14.34	16476104	294465568.000
08/06/2014	14.22	14.67	14.05	14.51	10451658	186949760.000
08/07/2014	14.57	14.58	14.24	14.29	7741809	138365808.000
08/08/2014	14.32	14.53	14.16	14.22	5063085	90029672.000
08/11/2014	14.25	14.40	14.18	14.36	4971797	88271952.000
08/12/2014	14.57	15.27	14.57	15.07	13600528	251387184.000
08/13/2014	15.00	15.12	14.88	15.08	6363829	118288504.000
08/14/2014	15.04	15.21	14.84	14.92	4082210	76027864.000
08/15/2014	14.93	15.16	14.83	14.93	3764620	69804152.000
08/18/2014	14.96	15.13	14.87	15.04	4894216	90894760.000
08/19/2014	15.21	15.23	14.75	14.88	4984270	92405872.000
08/20/2014	15.16	15.66	15.13	15.20	12312855	234238880.000
08/21/2014	14.97	15.16	14.82	15.02	4705031	87267792.000
08/22/2014	15.05	15.12	14.76	14.93	3839633	71003152.000
08/25/2014	14.99	15.04	14.45	14.54	4609319	83836352.000
08/26/2014	14.63	14.72	14.30	14.40	3142706	56435432.000
08/27/2014	14.40	14.88	14.33	14.64	3257053	59343536.000
08/28/2014	14.69	14.82	14.17	14.25	3136434	56167668.000
08/29/2014	14.25	14.47	14.22	14.47	1491764	26631738.000
09/01/2014	14.52	14.77	14.49	14.69	1909971	34778944.000
09/02/2014	14.75	14.88	14.60	14.88	3630446	66442056.000
09/03/2014	14.90	15.02	14.82	14.87	3572365	66014440.000
09/04/2014	14.87	14.87	14.65	14.75	5063749	92649648.000
09/05/2014	14.75	14.91	14.72	14.87	4819292	88690560.000
09/09/2014	14.90	15.21	14.83	15.16	7578413	141138048.000
09/10/2014	15.12	15.12	14.92	14.97	2882600	53585468.000
09/11/2014	14.96	15.28	14.94	15.09	6472241	121645984.000
09/12/2014	15.16	15.23	15.02	15.12	3612503	67643640.000
09/15/2014	15.12	15.17	14.92	15.02	4350567	80929016.000
09/16/2014	15.06	15.11	14.31	14.36	5853504	106787864.000
09/17/2014	14.30	14.49	14.17	14.37	3129330	55604428.000
09/18/2014	14.33	14.52	14.26	14.52	2518693	45009176.000
09/19/2014	14.49	14.68	14.42	14.68	2349335	42524744.000
09/22/2014	14.54	14.67	14.21	14.42	4206765	75141248.000
09/23/2014	14.42	14.59	14.40	14.47	2848259	51291272.000
09/24/2014	14.47	14.91	14.47	14.78	4494820	82459024.000
09/25/2014	14.92	15.06	14.79	14.80	3753797	69636856.000
09/26/2014	14.82	15.25	14.82	15.12	6585890	122637648.000
09/29/2014	15.17	15.70	15.17	15.51	5982231	115149144.000
09/30/2014	15.51	15.97	15.51	15.66	7030560	137573088.000
10/08/2014	15.75	15.83	15.37	15.65	4066304	78366224.000
10/09/2014	15.64	15.85	15.40	15.55	4216819	81593960.000
10/10/2014	15.42	15.51	15.15	15.22	4567655	86628848.000
10/13/2014	15.26	15.41	15.07	15.38	2502406	47449964.000
10/14/2014	15.32	15.43	15.00	15.07	3114122	58631328.000
10/15/2014	15.07	15.20	14.80	14.92	2936203	54360112.000
10/16/2014	14.88	15.20	14.77	14.83	3547493	65728180.000
10/17/2014	14.82	15.11	14.62	14.98	2881038	53189836.000
10/20/2014	14.98	15.20	14.92	15.17	2092216	39116056.000
10/21/2014	15.32	15.52	14.96	14.98	3890925	73493464.000
10/22/2014	14.92	15.07	14.55	14.56	4731690	86332280.000
10/23/2014	14.71	14.87	14.62	14.86	3345926	61182580.000
10/24/2014	14.85	14.86	14.62	14.67	2427150	44309836.000
10/27/2014	14.62	14.67	14.42	14.63	2797457	50451296.000
10/28/2014	14.63	15.06	14.63	14.98	4640288	86044800.000
10/29/2014	14.98	15.57	14.97	15.37	8094955	154302304.000
10/30/2014	15.37	15.56	15.20	15.33	6672117	126898848.000
10/31/2014	15.33	15.75	15.29	15.68	9179294	177137616.000
11/03/2014	15.80	17.30	15.79	17.02	18589216	381757376.000
11/04/2014	18.76	18.77	18.34	18.77	25623721	591040704.000
11/05/2014	20.69	20.69	19.86	20.59	59336959	1489416320.000
11/06/2014	19.92	20.17	19.00	20.10	32778165	792374976.000
11/07/2014	19.94	20.47	19.33	19.40	23426557	574383808.000
11/10/2014	19.62	21.39	19.62	21.39	45495003	1178501760.000
11/11/2014	20.83	20.87	19.33	20.08	30240149	745715776.000
11/12/2014	20.05	20.05	19.21	19.91	12594267	304958912.000
11/13/2014	19.79	20.82	19.35	20.60	15986530	396982528.000
11/14/2014	20.33	20.33	19.25	19.88	13199518	319821920.000
11/17/2014	20.15	21.02	19.47	20.00	10341327	258616352.000
11/18/2014	20.23	20.87	19.92	19.92	15072829	376642720.000
11/19/2014	19.71	19.71	19.14	19.34	10017735	238847056.000
11/20/2014	19.31	19.66	18.79	19.56	10697790	252780032.000
11/21/2014	19.42	19.87	19.29	19.79	10100243	242823648.000
11/24/2014	19.92	21.39	19.51	20.42	22907852	577587648.000
11/25/2014	20.22	21.45	20.07	21.21	16051960	409807520.000
11/26/2014	21.02	23.25	20.76	21.67	24780467	664229696.000
11/27/2014	21.67	21.67	20.68	20.80	18057213	466010560.000
11/28/2014	20.82	21.53	20.07	21.17	20126440	515325536.000
12/01/2014	21.00	21.37	20.40	20.74	11683510	298452928.000
12/02/2014	20.54	20.90	20.42	20.62	10983598	278058528.000
12/03/2014	20.63	21.09	20.33	20.58	12445208	315637056.000
12/04/2014	20.52	21.38	20.33	21.13	14751527	379118560.000
12/05/2014	21.03	21.04	19.48	19.78	21284625	525170112.000
12/08/2014	19.79	21.81	19.79	21.81	25174012	651756672.000
12/09/2014	22.98	24.04	21.52	21.58	41196471	1174236032.000
12/10/2014	21.60	23.79	21.60	23.79	24813578	707470656.000
12/11/2014	24.52	24.65	22.83	23.33	26505458	767371904.000
12/12/2014	23.12	23.80	21.75	23.15	26010732	726645568.000
12/15/2014	23.15	24.48	22.32	23.91	32756055	950886912.000
12/16/2014	23.89	23.89	22.67	23.09	23131049	656772160.000
12/17/2014	22.92	23.57	22.40	22.75	17295920	486400160.000
12/18/2014	22.59	23.52	22.37	23.03	20702580	583309376.000
12/19/2014	23.05	25.33	22.55	24.21	40018076	1172537728.000
12/22/2014	24.00	25.97	22.59	22.71	39444377	1163543168.000
12/23/2014	22.07	22.37	21.00	21.04	17935776	475154848.000
12/24/2014	21.17	21.63	20.34	20.61	13547621	344711456.000
12/25/2014	20.73	22.24	20.54	21.99	18239116	480927840.000
12/26/2014	21.96	23.23	21.44	22.42	20707620	566711936.000
12/29/2014	22.42	24.12	22.07	23.37	25282294	725443776.000
12/30/2014	23.40	23.67	22.52	22.67	13248216	374864288.000
12/31/2014	22.62	23.33	21.94	22.27	15050658	414840704.000
01/05/2015	22.50	24.05	22.25	23.65	20442939	585689408.000
01/06/2015	23.32	23.82	23.00	23.70	16115878	461061568.000
01/07/2015	23.70	24.92	23.42	23.84	19580119	579253696.000
01/08/2015	23.87	24.00	22.67	22.72	14807233	418822784.000
01/09/2015	22.72	23.56	22.33	22.54	12622076	355430752.000
01/12/2015	22.54	22.75	20.67	21.36	19677653	519530304.000
01/13/2015	21.54	21.97	21.50	21.68	7782004	207291616.000
01/14/2015	21.40	21.93	21.18	21.42	5682493	150427760.000
01/15/2015	21.37	21.97	21.29	21.97	6213640	165801104.000
01/16/2015	22.07	22.25	21.72	21.85	9489377	255447104.000
01/19/2015	20.76	21.42	19.68	20.20	13806932	350716608.000
01/20/2015	20.33	21.16	20.32	20.99	12184444	311862272.000
01/21/2015	21.17	21.65	20.84	21.60	9058715	238150544.000
01/22/2015	21.72	21.90	21.33	21.68	6832795	181426464.000
01/23/2015	21.84	22.17	21.59	21.72	9217695	247378064.000
01/26/2015	21.75	22.25	21.61	22.08	7611800	205975104.000
01/27/2015	22.08	22.96	21.87	22.82	12270402	336846816.000
01/28/2015	22.78	22.78	21.97	22.00	9402913	257916912.000
01/29/2015	21.90	22.47	21.76	21.93	6308224	171049296.000
01/30/2015	21.92	22.00	21.00	21.25	11108422	292310496.000
02/02/2015	21.02	21.02	20.06	20.07	11954655	299974720.000
02/03/2015	20.32	20.47	19.96	20.35	7713409	191417296.000
02/04/2015	20.43	20.64	20.08	20.09	7245643	181786448.000
02/05/2015	20.29	20.48	19.94	19.94	8410988	208527008.000
02/06/2015	19.83	20.24	19.72	19.85	5188113	127565824.000
02/09/2015	19.75	20.05	19.48	19.59	7210770	175917744.000
02/10/2015	19.47	20.23	19.46	20.18	5445677	133979296.000
02/11/2015	20.27	20.61	20.20	20.58	4541585	114543192.000
02/12/2015	20.67	20.67	20.29	20.48	3353377	84451128.000
02/13/2015	20.60	20.87	20.49	20.60	6270098	159130064.000
02/16/2015	20.62	21.12	20.51	20.87	6527202	166598976.000
02/17/2015	21.02	21.46	20.88	21.20	5888775	153529088.000
02/25/2015	21.65	23.31	21.65	22.32	17316096	478878752.000
02/26/2015	22.57	24.41	22.26	24.27	30847007	888303360.000
02/27/2015	24.29	24.37	23.37	23.57	19004636	550821248.000
03/02/2015	23.69	23.88	23.19	23.75	17287569	497964096.000
03/03/2015	23.63	23.63	22.83	22.84	16855723	479353376.000
03/04/2015	23.10	23.10	22.48	22.87	11331864	316405760.000
03/05/2015	22.98	22.98	22.20	22.62	12905634	354922944.000
03/06/2015	22.47	22.81	22.35	22.39	7051738	195260992.000
03/09/2015	22.42	22.80	21.96	22.74	7693677	212423712.000
03/10/2015	22.58	22.90	22.42	22.48	8217207	228519232.000
03/11/2015	22.33	22.68	22.13	22.20	6338771	173966800.000
03/12/2015	22.21	22.66	22.21	22.65	8211594	226652832.000
03/13/2015	22.74	22.84	22.35	22.50	9292807	257363488.000
03/16/2015	22.54	23.03	22.54	23.03	13703518	383868224.000
03/17/2015	23.15	24.58	23.15	23.97	30093581	882352640.000
03/18/2015	23.97	24.02	23.50	23.87	20809429	604740160.000
03/19/2015	23.92	25.08	23.68	24.45	31227982	937077824.000
03/20/2015	24.51	25.58	24.50	25.42	32381508	993041216.000
03/23/2015	26.83	28.01	26.17	28.01	40659770	1358825088.000
03/24/2015	28.92	29.14	26.48	28.17	55741423	1907660928.000
03/25/2015	27.67	28.15	26.91	27.38	29913422	1003626624.000
03/26/2015	27.12	28.82	26.62	27.38	24851481	833467200.000
03/27/2015	27.33	28.21	26.67	27.38	22098899	744216960.000
03/30/2015	27.97	29.48	27.17	28.63	43132925	1500584192.000
03/31/2015	28.66	28.75	27.01	27.17	32613273	1100413952.000
04/01/2015	27.19	27.58	26.86	27.27	24280985	804889920.000
04/02/2015	27.33	27.41	26.63	26.93	23649328	776447424.000
04/03/2015	26.38	26.83	26.32	26.69	20915804	679171968.000
04/07/2015	26.94	27.16	26.71	27.15	21151467	697482816.000
04/08/2015	27.32	28.06	27.00	27.53	33375885	1127334272.000
04/09/2015	27.60	27.82	25.97	26.34	21829618	708332992.000
04/10/2015	26.37	26.77	26.37	26.61	14640709	475344544.000
04/13/2015	26.64	27.46	26.64	27.29	19361386	640710208.000
04/14/2015	27.29	28.07	27.00	27.82	28489812	964492096.000
04/15/2015	27.83	30.05	27.46	28.98	45714057	1606379136.000
04/16/2015	28.33	28.62	26.85	27.92	25881821	881020544.000
04/17/2015	27.92	30.13	27.88	29.22	44685278	1581370880.000
04/20/2015	29.22	31.71	28.52	29.70	50022148	1848773376.000
04/21/2015	29.67	29.67	27.83	28.97	30700275	1076785280.000
04/22/2015	29.17	29.91	28.67	29.27	32084516	1147170944.000
04/23/2015	29.32	29.80	28.46	28.68	30003820	1060687168.000
04/24/2015	28.08	28.65	27.32	27.74	25088482	855694080.000
04/27/2015	27.79	29.20	27.79	29.17	30705362	1062742848.000
04/28/2015	28.73	30.07	28.34	28.86	36966721	1322948224.000
04/29/2015	28.42	28.54	27.83	28.17	20123842	692478016.000
04/30/2015	28.23	29.44	28.23	28.95	25231009	894237056.000
05/04/2015	28.79	30.48	28.79	29.96	30829179	1123143936.000
05/05/2015	30.33	31.83	29.29	29.33	39555092	1473380224.000
05/06/2015	29.50	30.07	28.38	28.57	24216245	856330880.000
05/07/2015	28.57	28.93	25.83	25.97	19730563	659562752.000
05/08/2015	26.11	27.90	26.08	27.73	23639425	774426496.000
05/11/2015	27.83	28.49	27.00	28.15	25157959	859103872.000
05/12/2015	28.29	28.29	26.97	27.74	34240793	1148602112.000
05/13/2015	28.42	28.46	27.01	27.21	30340110	1027519936.000
05/14/2015	26.92	27.00	26.08	26.50	28409003	916223360.000
05/15/2015	26.51	26.87	26.14	26.57	18493284	600801728.000
05/18/2015	26.57	26.92	26.00	26.00	19653487	632839104.000
05/19/2015	25.87	26.80	25.79	26.77	18743335	608112768.000
05/20/2015	26.82	27.60	26.82	27.10	24353028	812247936.000
05/21/2015	27.10	27.52	26.67	27.48	24165953	797714048.000
05/22/2015	27.58	28.52	27.58	28.50	33882528	1163768704.000
05/25/2015	28.17	29.37	28.08	29.30	33845971	1189486720.000
05/26/2015	29.37	29.48	28.52	29.25	35719627	1266685184.000
05/27/2015	29.35	29.35	28.44	28.62	28318444	994748224.000
05/28/2015	28.91	31.15	27.83	27.84	45650515	1649156224.000
05/29/2015	27.91	28.50	25.01	27.11	27442538	903328960.000
06/01/2015	27.12	28.53	27.08	28.46	20514879	695204032.000
06/02/2015	28.94	29.91	28.94	29.83	32222128	1160853504.000
06/03/2015	30.07	31.29	29.82	30.57	35493971	1327921152.000
06/04/2015	30.83	31.25	27.73	29.87	28414184	1016911744.000
06/05/2015	30.25	32.88	30.00	32.88	44811509	1693305600.000
06/08/2015	34.29	34.29	31.86	32.63	43681321	1748269696.000
06/09/2015	32.24	33.08	31.44	31.69	24017869	928992576.000
06/10/2015	31.42	32.37	30.93	31.83	20255224	779896128.000
06/11/2015	31.73	33.58	31.00	33.35	28409970	1114712832.000
06/12/2015	33.42	35.07	33.38	33.67	28409556	1175587200.000
06/15/2015	33.92	34.33	32.25	32.50	21399747	861501248.000
06/16/2015	32.33	32.33	30.33	30.74	17803143	671110592.000
06/17/2015	30.25	32.88	30.25	32.83	20564795	787083136.000
06/18/2015	33.28	34.21	31.42	31.79	19082769	765729408.000
06/19/2015	31.00	32.24	30.23	30.59	15465430	585598272.000
06/23/2015	30.60	31.25	27.67	30.58	15913782	575411776.000
06/24/2015	30.82	31.82	30.03	31.28	19406806	730343744.000
06/25/2015	31.63	31.75	28.38	29.33	17279494	634705344.000
06/26/2015	28.90	28.90	26.38	26.38	15200924	494147008.000
06/29/2015	26.83	27.18	23.72	23.72	24215402	718894592.000
06/30/2015	23.08	24.99	21.32	24.57	22740826	631307136.000
07/01/2015	24.08	25.00	22.08	22.08	19046782	550293824.000
07/02/2015	22.09	23.23	19.85	19.85	27116789	682053632.000
07/03/2015	18.58	20.58	17.84	17.84	23570982	528239584.000
07/06/2015	19.57	19.58	16.03	16.67	28336583	597075008.000
07/07/2015	15.98	16.42	14.98	15.01	33169943	611614400.000
07/08/2015	13.48	16.53	13.48	15.88	73279092	1382675328.000
07/09/2015	15.88	17.50	15.05	17.50	20466894	415770496.000
07/10/2015	18.79	19.28	18.07	19.28	10031073	232394416.000
07/13/2015	21.23	21.23	20.39	21.23	19648250	502675488.000
07/14/2015	21.40	22.92	20.58	21.57	30358100	808333056.000
07/15/2015	20.83	21.25	19.38	19.38	21624743	520290784.000
07/16/2015	19.38	20.35	17.80	19.67	14123604	336055360.000
07/17/2015	19.83	21.33	19.83	21.08	14498705	364551296.000
07/20/2015	21.06	22.12	20.62	21.16	16400178	424433248.000
07/21/2015	20.75	22.17	20.43	21.22	15370741	399276928.000
07/22/2015	21.23	21.71	19.92	20.92	19553551	496508320.000
07/23/2015	20.75	21.71	20.58	21.67	26947805	692489088.000
07/24/2015	21.87	22.64	20.52	21.00	32532937	855594752.000
07/27/2015	20.42	20.86	18.88	18.88	17574258	427409312.000
07/28/2015	18.08	19.12	16.97	17.88	23715925	512561600.000
07/29/2015	18.08	19.31	17.67	19.26	12777009	284232512.000
07/30/2015	19.21	19.84	18.36	18.39	11880821	278763360.000
07/31/2015	18.10	19.13	18.02	18.75	12914082	291867456.000
08/03/2015	18.77	19.38	18.42	19.38	11738253	270000320.000
08/04/2015	19.23	20.68	19.03	20.66	12393166	297671584.000
08/05/2015	20.25	21.63	20.24	20.75	17209496	440120032.000
08/06/2015	20.42	21.23	20.17	20.48	7053924	177585728.000
08/07/2015	20.60	21.71	20.58	21.36	10995226	282072224.000
08/10/2015	21.42	23.33	21.42	22.75	18820516	511270464.000
08/11/2015	22.70	22.83	21.79	22.18	16002014	434106816.000
08/12/2015	22.21	23.45	22.09	22.94	17503699	485869696.000
08/13/2015	22.67	23.33	22.14	23.15	12618721	349094880.000
08/14/2015	23.18	23.51	22.67	22.92	12607318	355307232.000
08/17/2015	22.75	23.00	22.33	22.60	9610260	263964176.000
08/18/2015	22.65	22.67	20.32	20.32	14360587	374715744.000
08/19/2015	19.67	20.58	18.39	20.17	11528653	271464928.000
08/20/2015	20.08	20.70	19.51	19.58	9004511	220363456.000
08/21/2015	19.74	19.88	17.98	18.43	6980815	160289984.000
08/24/2015	16.97	18.08	16.56	16.56	7058600	143536608.000
08/25/2015	14.88	15.96	14.88	14.88	14786931	271293536.000
08/26/2015	15.14	15.50	13.60	14.67	13848956	249271440.000
08/27/2015	14.68	15.42	13.92	15.25	9398374	170410496.000
08/28/2015	15.54	16.58	15.22	16.42	13694161	263862400.000
08/31/2015	16.10	16.31	15.24	16.08	10024246	192823936.000
09/01/2015	15.81	15.81	14.65	15.67	10800162	200376144.000
09/02/2015	14.75	16.11	14.47	15.94	11982740	228323056.000
09/07/2015	16.02	16.71	15.74	15.96	13149666	258105280.000
09/08/2015	15.75	16.50	15.30	16.48	7615853	148125680.000
09/09/2015	16.58	17.03	16.43	16.91	8372641	170943680.000
09/10/2015	16.65	16.74	15.92	15.92	6502539	129738336.000
09/11/2015	16.54	16.96	16.04	16.43	9407388	188900624.000
09/14/2015	16.44	16.65	14.84	14.90	9296386	179684000.000
09/15/2015	14.60	14.89	13.38	13.50	7468285	127133704.000
09/16/2015	13.75	14.88	13.42	14.75	6951233	119825008.000
09/17/2015	14.75	15.97	14.47	15.17	11724789	218081488.000
09/18/2015	15.10	15.45	14.71	14.99	6173706	113367328.000
09/21/2015	14.74	15.38	14.74	15.35	7121982	131668744.000
09/22/2015	15.43	15.99	15.22	15.57	8725712	165661184.000
09/23/2015	15.20	15.32	14.83	14.91	6036297	110962664.000
09/24/2015	14.91	15.17	14.91	15.10	3805634	69876688.000
09/25/2015	14.87	15.20	14.13	14.27	4455765	79445728.000
09/28/2015	14.63	14.71	14.14	14.58	3282774	58011904.000
09/29/2015	14.27	14.38	14.09	14.18	2738985	47592576.000
09/30/2015	14.33	14.39	14.07	14.08	3628084	62798056.000
10/08/2015	14.58	14.88	14.51	14.63	8239563	147290432.000
10/09/2015	14.71	15.09	14.50	15.02	8826483	159322272.000
10/12/2015	15.03	16.03	15.03	15.87	11193132	213917296.000
10/13/2015	15.83	16.02	15.58	15.90	6992525	134680576.000
10/14/2015	15.83	16.23	15.73	15.92	6861082	133930440.000
10/15/2015	15.97	17.53	15.95	17.15	11133873	227677232.000
10/16/2015	17.25	17.28	16.67	17.08	8973824	185698528.000
10/19/2015	17.08	17.61	17.04	17.47	11014371	232490784.000
10/20/2015	17.53	18.29	17.02	18.18	8995269	191107712.000
10/21/2015	18.33	20.02	18.28	19.58	41734080	1002398528.000
10/22/2015	19.13	20.18	18.92	19.59	24055797	570289856.000
10/23/2015	19.71	21.31	19.65	20.69	28394568	707163200.000
10/26/2015	21.25	21.58	20.44	21.42	22525981	573801472.000
10/27/2015	21.00	21.43	19.69	20.73	22068820	551786112.000
10/28/2015	20.48	20.48	19.75	19.83	9194352	224242256.000
10/29/2015	20.00	20.16	19.65	19.86	6478575	156826576.000
10/30/2015	19.73	20.42	19.63	20.10	6202422	151425520.000
11/02/2015	19.75	19.77	18.98	19.08	10872542	255174432.000
11/03/2015	19.11	19.42	18.60	18.84	6493448	149293392.000
11/04/2015	18.88	20.01	18.84	20.00	9103335	215968416.000
11/05/2015	19.93	21.83	19.92	20.83	20704743	526391776.000
11/06/2015	20.60	21.32	20.35	20.87	9967198	251161456.000
11/09/2015	20.66	22.41	20.55	22.11	18219147	476187488.000
11/10/2015	21.75	22.41	21.42	21.63	11981906	316327904.000
11/11/2015	21.82	21.83	21.42	21.72	5946563	156045264.000
11/12/2015	21.79	21.87	20.05	20.77	16902069	426409248.000
11/13/2015	20.47	20.67	20.05	20.25	6945341	171524416.000
11/16/2015	19.73	20.50	19.58	20.46	5597232	136568144.000
11/17/2015	20.58	21.13	19.65	19.91	16568143	411107936.000
11/18/2015	19.92	20.06	19.18	19.32	14315162	337513472.000
11/19/2015	19.34	19.79	19.27	19.77	8865234	209900256.000
11/20/2015	19.75	20.04	19.44	19.74	14867067	356038816.000
11/23/2015	19.83	20.32	19.76	19.88	9379808	228304160.000
11/24/2015	19.88	20.08	19.19	19.63	6046420	143087344.000
11/25/2015	19.61	20.23	19.51	20.18	9506806	230555888.000
11/26/2015	20.18	20.53	19.92	20.23	12587425	309589568.000
11/27/2015	20.31	20.31	18.26	18.42	9455848	223696784.000
11/30/2015	18.26	18.82	17.34	18.42	8188313	180878000.000
12/01/2015	18.46	19.33	18.32	19.15	7203087	164493552.000
12/02/2015	19.36	19.80	18.76	19.58	9236348	218368608.000
12/03/2015	19.56	19.69	19.34	19.63	4620297	109848760.000
12/04/2015	19.63	19.63	18.96	19.27	6575395	153650176.000
12/07/2015	19.31	19.32	18.84	19.08	5119380	118249824.000
12/08/2015	19.06	19.06	18.14	18.25	8451316	189245760.000
12/09/2015	18.25	18.47	18.16	18.23	5287137	117561296.000
12/10/2015	18.22	18.88	18.22	18.58	9219664	208756016.000
12/11/2015	18.63	18.79	18.50	18.50	5303512	120471608.000
12/14/2015	18.52	19.77	18.43	19.66	9514100	223147232.000
12/15/2015	19.92	20.21	19.58	19.99	7963324	193150160.000
12/16/2015	20.20	20.90	20.00	20.19	9086244	226627520.000
12/17/2015	20.46	20.67	20.08	20.18	8495038	209746608.000
12/18/2015	20.24	20.57	19.89	20.17	7075126	173467456.000
12/21/2015	20.16	20.42	19.75	20.33	11371207	279136544.000
12/22/2015	20.29	20.52	20.26	20.36	6220483	153874224.000
12/23/2015	20.42	20.78	20.29	20.46	7691644	191951760.000
12/24/2015	20.41	20.50	19.82	20.08	4826381	117549448.000
12/25/2015	20.21	21.04	20.10	20.68	8703643	218203856.000
12/28/2015	20.72	20.90	20.17	20.26	9167376	228878144.000
12/29/2015	20.25	20.96	20.18	20.42	9528050	237507152.000
12/30/2015	20.47	21.41	20.38	21.19	13279146	338002592.000
12/31/2015	21.29	21.29	20.73	20.86	9388002	238697088.000
01/04/2016	20.86	20.88	18.75	18.75	7288660	174433888.000
01/05/2016	18.08	19.32	17.83	18.50	7745635	174961600.000
01/06/2016	18.96	20.38	18.96	20.38	14187536	348970976.000
01/07/2016	20.75	20.83	18.75	18.99	7060425	174637232.000
01/08/2016	20.43	20.92	19.38	20.92	25082555	626709056.000
01/11/2016	20.50	22.08	20.32	21.04	33567931	871226880.000
01/12/2016	21.04	21.41	19.02	20.06	18336520	452828928.000
01/13/2016	19.79	21.85	19.36	20.67	24197723	613245696.000
01/14/2016	19.38	21.51	18.82	21.42	25889322	628058880.000
01/15/2016	21.00	22.15	20.51	20.67	21606241	560656128.000
01/18/2016	19.75	20.83	19.40	19.83	15348501	375901600.000
01/19/2016	19.77	21.83	19.57	21.83	14747110	376498176.000
01/20/2016	22.70	23.96	22.34	23.18	42632117	1191698048.000
01/21/2016	22.73	24.73	22.42	23.13	38797221	1107330816.000
01/22/2016	23.28	24.04	20.83	22.78	38534226	1058646656.000
01/25/2016	22.42	22.49	21.26	21.46	27139371	719606016.000
01/26/2016	21.42	22.20	19.75	20.21	28864348	748497792.000
01/27/2016	20.08	20.47	18.55	19.64	22338087	526628000.000
01/28/2016	18.98	19.92	18.82	19.02	14313458	337461248.000
01/29/2016	18.68	19.87	18.68	19.50	10750645	254942720.000
02/01/2016	19.32	19.78	18.42	18.83	8824695	206151200.000
02/02/2016	19.24	19.82	19.11	19.67	9594445	228691808.000
02/03/2016	19.33	20.31	19.26	19.96	10421615	252943904.000
02/04/2016	19.97	20.29	19.80	20.07	8767265	214002816.000
02/05/2016	20.13	20.13	19.26	19.31	8234104	195420080.000
02/15/2016	18.50	19.08	18.08	18.83	7818989	177718304.000
02/16/2016	19.08	19.71	19.00	19.51	8756815	206090880.000
02/17/2016	19.49	20.05	19.34	19.83	10995490	263986416.000
02/18/2016	19.96	20.04	19.17	19.20	11078330	261986928.000
02/19/2016	19.17	19.63	19.08	19.59	5915942	139905584.000
02/22/2016	19.88	20.03	19.61	19.88	9149868	220509072.000
02/23/2016	19.85	19.85	19.33	19.71	7381399	175285680.000
02/24/2016	19.65	19.93	19.17	19.93	7897555	188082368.000
02/25/2016	19.92	19.95	17.92	18.12	11597886	266046272.000
02/26/2016	18.23	18.49	17.25	17.35	7350099	159314128.000
02/29/2016	17.42	17.42	15.67	15.98	10334228	203022288.000
03/01/2016	16.05	16.58	15.77	16.42	5469159	107824752.000
03/02/2016	16.45	17.68	16.29	17.50	11342109	236349568.000
03/03/2016	17.54	17.92	17.38	17.38	6056705	130205256.000
03/04/2016	17.50	17.73	16.93	17.21	6434268	136159728.000
03/07/2016	17.50	17.91	17.26	17.49	4185930	89500832.000
03/08/2016	17.50	17.57	16.48	17.33	4906752	101462968.000
03/09/2016	17.11	17.70	16.67	17.22	4491866	94761328.000
03/10/2016	17.10	17.40	16.93	17.13	2577434	53925624.000
03/11/2016	16.97	17.33	16.92	17.17	2142609	44792760.000
03/14/2016	17.50	17.98	17.26	17.64	5252427	113216736.000
03/15/2016	17.58	17.79	17.39	17.55	2475988	52971596.000
03/16/2016	17.58	17.92	17.18	17.26	2861999	60858992.000
03/17/2016	17.24	17.77	17.24	17.56	4771958	102055992.000
03/18/2016	17.68	18.26	17.67	18.01	11190544	244604880.000
03/21/2016	18.21	19.00	18.19	18.64	9373841	212695024.000
03/22/2016	18.51	18.98	18.42	18.58	8529987	194151664.000
03/23/2016	18.58	19.47	18.47	19.23	10373500	242072256.000
03/24/2016	19.22	19.22	18.58	18.66	8143700	186571920.000
03/25/2016	18.82	18.89	18.58	18.76	4003600	91252560.000
03/28/2016	18.91	19.12	18.42	18.47	6775953	154539904.000
03/29/2016	18.41	18.67	18.08	18.52	5365150	120287048.000
03/30/2016	18.75	18.93	18.54	18.93	5337600	121763296.000
03/31/2016	19.05	19.15	18.79	18.83	5551995	128007712.000
04/01/2016	19.13	19.29	18.55	18.88	6540318	150400848.000
04/05/2016	18.85	19.48	18.59	19.42	8243451	192719824.000
04/06/2016	19.34	19.37	18.96	19.21	5444348	127047280.000
04/07/2016	19.25	19.67	19.23	19.27	6991100	165074976.000
04/08/2016	19.05	19.09	18.59	18.83	4782100	109314808.000
04/11/2016	19.00	19.39	18.91	19.27	5993800	139869632.000
04/12/2016	19.17	19.21	18.67	18.84	5156600	117910608.000
04/13/2016	18.84	19.38	18.84	19.13	6727900	156945488.000
04/14/2016	19.23	19.33	19.04	19.26	4739099	110586280.000
04/15/2016	19.38	19.57	19.22	19.44	6019361	142251824.000
04/18/2016	19.48	19.48	18.98	19.07	3966300	92321368.000
04/19/2016	19.32	19.32	18.84	19.03	2605700	60160500.000
04/20/2016	19.13	19.17	17.53	18.54	6393751	143243680.000
04/21/2016	18.33	18.53	17.96	18.05	3022000	67132816.000
04/22/2016	18.05	18.32	17.96	18.24	2093500	46249252.000
04/25/2016	18.23	18.33	17.84	18.33	2399596	52849400.000
04/26/2016	18.32	18.48	18.04	18.23	2545201	56427412.000
04/27/2016	18.23	18.33	18.08	18.13	2210397	49032492.000
04/28/2016	18.29	18.29	17.76	18.08	2172483	47561444.000
04/29/2016	17.93	18.07	17.71	17.75	4697666	102008696.000
05/03/2016	17.75	18.17	17.63	18.12	4742500	103998664.000
05/04/2016	18.09	18.38	18.08	18.26	3470514	77126328.000
05/05/2016	18.23	18.33	18.08	18.25	2730100	60411260.000
05/06/2016	18.28	18.38	17.66	17.89	4217662	92458416.000
05/09/2016	17.84	17.84	16.82	16.88	4799854	100638528.000
05/10/2016	16.65	17.23	16.64	17.09	2362561	49136212.000
05/11/2016	17.17	17.43	17.17	17.25	2552081	53892248.000
05/12/2016	17.08	17.42	16.73	17.42	2580811	53915148.000
05/13/2016	17.41	17.53	17.01	17.18	1972194	41384416.000
05/16/2016	17.18	17.67	17.08	17.67	2418567	51278984.000
05/17/2016	17.62	17.71	17.29	17.42	2423000	51552488.000
05/18/2016	17.34	17.48	16.96	17.05	2108160	43849124.000
05/19/2016	17.08	17.29	17.08	17.15	1903259	39881832.000
05/20/2016	17.15	17.38	16.97	17.35	2102201	44152184.000
05/23/2016	17.26	17.53	17.25	17.48	3061466	64988144.000
05/24/2016	17.44	17.48	17.04	17.13	2055665	43153004.000
05/25/2016	17.23	17.84	17.23	17.71	4809456	102756648.000
05/26/2016	17.75	18.24	17.59	18.20	6701258	146559840.000
05/27/2016	18.08	18.48	17.93	17.98	4885454	108181176.000
05/30/2016	18.10	18.44	18.02	18.29	4402330	97995360.000
05/31/2016	18.34	18.88	18.21	18.77	6572059	148712736.000
06/01/2016	18.86	18.96	18.64	18.75	4935374	112766504.000
06/02/2016	18.75	18.88	18.22	18.44	4952654	111173312.000
06/03/2016	18.32	18.66	18.32	18.50	4300304	96754736.000
06/06/2016	18.47	18.68	18.29	18.63	3897568	87745248.000
06/07/2016	18.58	18.75	18.41	18.52	2865207	64755812.000
06/08/2016	18.57	18.67	18.37	18.58	2755558	62114092.000
06/13/2016	18.46	18.79	17.98	18.00	3336416	74889088.000
06/14/2016	18.00	18.32	17.88	17.99	3062853	67438152.000
06/15/2016	17.98	18.66	17.90	18.54	4315798	96771808.000
06/16/2016	18.54	18.76	18.43	18.66	3771531	85428120.000
06/17/2016	18.70	19.55	18.53	19.21	7520510	143882208.000
06/20/2016	19.20	19.29	18.70	18.96	4616209	87718376.000
06/21/2016	19.06	19.27	18.89	19.05	4009240	76660888.000
06/22/2016	19.15	19.39	19.08	19.30	3853392	74369032.000
06/23/2016	19.37	19.39	18.93	19.19	3112731	59528368.000
06/24/2016	19.19	19.31	18.66	18.95	3284335	62200904.000
06/27/2016	18.92	19.18	18.80	19.18	2820101	53784220.000
06/28/2016	19.05	19.96	19.00	19.82	7130063	139981856.000
06/29/2016	19.82	20.46	19.65	19.68	6742552	135309296.000
06/30/2016	19.51	20.12	19.51	19.67	3579701	71014760.000
07/01/2016	19.66	19.95	19.29	19.40	3843481	74905376.000
07/04/2016	19.22	19.91	19.22	19.55	5373491	105759864.000
07/05/2016	19.66	20.20	19.62	20.15	6621992	132558552.000
07/06/2016	20.00	20.30	19.75	20.06	5114860	102619488.000
07/07/2016	20.07	20.80	19.91	20.63	7457882	151959248.000
07/08/2016	20.40	21.33	20.39	20.64	9404100	195967472.000
07/11/2016	20.75	21.06	20.41	20.66	6321997	131363280.000
07/12/2016	20.75	20.94	20.31	20.70	5634306	116254240.000
07/13/2016	20.69	21.34	20.69	21.27	7928407	167799744.000
07/14/2016	21.28	21.67	21.04	21.27	6668014	142530832.000
07/15/2016	21.31	21.54	20.76	20.81	5084014	106833704.000
07/18/2016	20.66	20.81	20.38	20.41	4635213	95213232.000
07/19/2016	20.40	20.66	20.32	20.60	2385512	48820752.000
07/20/2016	20.70	20.97	20.51	20.68	3745649	77550808.000
07/21/2016	20.62	21.05	20.61	20.88	3702265	77276168.000
07/22/2016	20.89	20.96	20.28	20.60	4615807	94706120.000
07/25/2016	20.51	20.68	20.33	20.43	3151017	64500952.000
07/26/2016	20.49	20.79	20.40	20.77	2133749	44129928.000
07/27/2016	20.70	21.12	19.50	20.07	4206393	85956672.000
07/28/2016	20.37	20.39	19.75	20.20	3207079	64315068.000
07/29/2016	18.92	20.29	18.92	19.90	3205290	63707580.000
08/01/2016	19.83	19.95	19.10	19.53	3810791	74499456.000
08/02/2016	19.64	19.91	19.53	19.77	1727535	34064728.000
08/03/2016	19.75	19.87	19.59	19.68	1780167	35101864.000
08/04/2016	19.62	20.08	19.51	20.00	2305838	45934072.000
08/05/2016	20.00	20.10	19.86	19.93	1350583	26997642.000
08/08/2016	19.93	20.35	19.72	20.33	2069500	41570956.000
08/09/2016	20.36	20.68	20.17	20.52	2663299	54596972.000
08/10/2016	20.75	21.37	20.74	21.12	8211532	172471104.000
08/11/2016	20.98	21.28	20.52	20.56	4291308	89110496.000
08/12/2016	20.47	20.75	19.58	20.10	11339903	226952800.000
08/15/2016	20.15	20.87	19.97	20.85	8038054	164312224.000
08/16/2016	20.90	22.00	20.90	21.50	11906688	256809472.000
08/17/2016	21.40	21.92	21.12	21.77	5966818	128220200.000
08/18/2016	22.40	22.42	21.32	21.40	7597523	166050736.000
08/19/2016	21.60	21.96	21.37	21.83	7386248	160487456.000
08/22/2016	21.51	21.98	21.46	21.46	3905136	84731816.000
08/23/2016	21.45	21.72	21.18	21.44	3016485	64788348.000
08/24/2016	21.34	21.58	21.12	21.23	3715783	79042552.000
08/25/2016	21.29	21.30	20.77	20.90	4084346	85418872.000
08/26/2016	20.92	21.18	20.90	20.95	2648200	55699436.000
08/29/2016	20.91	21.46	20.91	21.05	3900876	82608200.000
08/30/2016	21.06	21.57	21.06	21.37	3641223	77844680.000
08/31/2016	21.50	21.50	20.92	21.11	3166038	66776560.000
09/01/2016	21.10	21.10	20.63	20.67	4802089	100235216.000
09/02/2016	20.68	20.84	20.64	20.74	1729189	35875808.000
09/05/2016	20.78	20.93	20.59	20.66	2332681	48378192.000
09/06/2016	20.75	20.84	20.33	20.69	7325789	150436400.000
09/07/2016	20.68	21.81	20.63	21.62	13367275	287052992.000
09/08/2016	21.48	22.13	21.42	21.85	9605167	209884576.000
09/09/2016	21.70	21.90	21.35	21.65	4417700	95545688.000
09/12/2016	21.45	21.84	21.06	21.22	6140597	131381400.000
09/13/2016	21.39	21.45	20.95	21.10	4140084	87375440.000
09/14/2016	20.90	21.05	20.72	20.77	3526859	73581160.000
09/19/2016	20.78	20.99	20.73	20.98	2733899	57034724.000
09/20/2016	20.91	21.54	20.83	21.24	4976241	105669384.000
09/21/2016	21.12	21.28	20.79	20.93	2308486	48458212.000
09/22/2016	21.15	21.32	20.75	20.76	5477988	115445736.000
09/23/2016	20.82	20.95	20.49	20.79	4470653	92510392.000
09/26/2016	20.82	20.88	20.15	20.18	4553891	92717840.000
09/27/2016	20.20	20.49	20.01	20.39	3463696	69880128.000
09/28/2016	20.54	20.54	19.90	19.98	4977342	100061656.000
09/29/2016	19.99	20.20	19.97	20.03	3222950	64681884.000
09/30/2016	20.04	20.28	19.90	20.05	2994056	60140872.000
数据来源:通达信
