000616 海航投资 日线 前复权
      日期	    开盘	    最高	    最低	    收盘	    成交量	    成交额
01/04/2012	2.58	2.61	2.53	2.54	1333471	4277295.000
01/05/2012	2.55	2.55	2.42	2.42	5357235	16476829.000
01/09/2012	2.43	2.56	2.43	2.55	8020986	25130954.000
01/10/2012	2.55	2.67	2.54	2.63	10128732	33133794.000
01/11/2012	2.65	2.65	2.56	2.57	9927062	32020604.000
01/12/2012	2.56	2.64	2.55	2.58	12445747	40118544.000
01/13/2012	2.57	2.57	2.47	2.50	4241067	13315363.000
01/16/2012	2.49	2.50	2.45	2.45	2156830	6682848.000
01/17/2012	2.45	2.55	2.45	2.53	30396926	94684208.000
01/18/2012	2.51	2.52	2.44	2.47	22859546	70787216.000
01/19/2012	2.45	2.54	2.45	2.52	14007226	43852836.000
01/30/2012	2.55	2.55	2.50	2.50	8843730	27877496.000
01/31/2012	2.50	2.52	2.47	2.49	4629494	14368392.000
02/01/2012	2.50	2.50	2.46	2.47	3293379	10227137.000
02/02/2012	2.48	2.51	2.46	2.50	4840385	15059765.000
02/03/2012	2.50	2.53	2.48	2.52	9478117	29691146.000
02/06/2012	2.52	2.54	2.50	2.50	8734544	27425294.000
02/07/2012	2.50	2.51	2.43	2.45	7058673	21731802.000
02/08/2012	2.45	2.50	2.44	2.50	9558402	29569970.000
02/09/2012	2.49	2.60	2.48	2.58	33184795	106127864.000
02/10/2012	2.55	2.68	2.55	2.61	30623881	100591400.000
02/13/2012	2.55	2.57	2.48	2.55	16078334	50757472.000
02/14/2012	2.55	2.60	2.52	2.59	10867414	34728368.000
02/15/2012	2.57	2.63	2.56	2.62	12435422	40380148.000
02/16/2012	2.61	2.65	2.59	2.63	9811992	32199268.000
02/17/2012	2.66	2.70	2.60	2.65	13098410	43368396.000
02/20/2012	2.69	2.70	2.63	2.65	13913331	46192908.000
02/21/2012	2.64	2.66	2.62	2.66	9052015	29863776.000
02/22/2012	2.66	2.93	2.66	2.84	56546894	198458320.000
02/23/2012	2.83	3.00	2.81	2.94	50370809	183733568.000
02/24/2012	2.94	3.10	2.88	3.06	48318857	181594352.000
02/27/2012	3.06	3.14	3.00	3.01	31405343	119974352.000
02/28/2012	3.02	3.12	3.00	3.10	23833257	90502064.000
02/29/2012	3.05	3.05	2.92	2.94	22635584	83275672.000
03/01/2012	2.86	3.00	2.85	2.94	22266987	81380120.000
03/02/2012	2.94	3.25	2.92	3.25	53530531	208435392.000
03/05/2012	3.35	3.40	3.26	3.30	62205353	255485280.000
03/06/2012	3.25	3.31	3.20	3.25	27610193	111398032.000
03/07/2012	3.21	3.31	3.20	3.20	22524196	90748608.000
03/08/2012	3.23	3.27	3.18	3.20	23626135	94442136.000
03/09/2012	3.20	3.25	3.18	3.22	11097018	44087184.000
03/12/2012	3.24	3.25	3.09	3.15	17402598	68209280.000
03/13/2012	3.16	3.18	3.12	3.15	12381474	48290028.000
03/14/2012	3.16	3.25	2.88	2.93	32237628	123379888.000
03/15/2012	2.90	2.92	2.75	2.83	24125414	84788512.000
03/16/2012	2.81	2.94	2.80	2.89	18596798	66334084.000
03/19/2012	2.89	2.97	2.83	2.95	14284765	51589928.000
03/20/2012	2.94	3.03	2.91	2.95	22245578	82208552.000
03/22/2012	2.94	3.05	2.90	3.01	13977829	52190288.000
03/23/2012	2.99	3.03	2.88	2.89	9052342	33062324.000
03/26/2012	2.90	2.92	2.85	2.87	4752545	17034872.000
03/27/2012	2.90	2.91	2.86	2.88	4083960	14684813.000
03/28/2012	2.85	2.95	2.80	2.81	9759581	34860744.000
03/29/2012	2.80	2.93	2.77	2.86	7234234	25690628.000
03/30/2012	2.87	2.93	2.84	2.91	7462579	26832186.000
04/05/2012	2.90	3.01	2.85	3.00	9491134	34985100.000
04/06/2012	3.00	3.09	2.96	3.01	9835780	36866600.000
04/09/2012	2.99	3.02	2.95	3.00	6095920	22626466.000
04/10/2012	2.96	3.00	2.85	2.99	8540946	30991036.000
04/11/2012	2.95	3.19	2.92	3.05	16377748	62638272.000
04/12/2012	3.05	3.12	3.02	3.12	17450576	66722912.000
04/13/2012	3.12	3.21	3.10	3.11	15233024	59291816.000
04/16/2012	3.15	3.22	3.12	3.17	29016492	114091408.000
04/17/2012	3.19	3.19	3.05	3.06	13498482	52125128.000
04/18/2012	3.08	3.28	3.02	3.24	28734895	112577824.000
04/19/2012	3.23	3.33	3.20	3.23	23664361	95535416.000
04/20/2012	3.23	3.27	3.20	3.25	12836323	51547168.000
04/23/2012	3.25	3.25	3.16	3.18	10101043	40145704.000
04/24/2012	3.15	3.30	3.15	3.28	13739617	54917528.000
04/25/2012	3.25	3.60	3.25	3.50	74308861	314104192.000
04/26/2012	3.46	3.50	3.36	3.45	31108643	132315256.000
04/27/2012	3.42	3.53	3.40	3.51	22379536	95919824.000
05/02/2012	3.52	3.56	3.41	3.47	25888140	110960656.000
05/03/2012	3.45	3.47	3.29	3.34	37537439	155094592.000
05/04/2012	3.31	3.38	3.27	3.33	24039684	98785152.000
05/07/2012	3.30	3.32	3.28	3.32	11122244	45427612.000
05/08/2012	3.31	3.32	3.25	3.30	10042785	40913116.000
05/09/2012	3.28	3.30	3.24	3.26	10032020	40538884.000
05/10/2012	3.25	3.28	3.21	3.27	11105388	44687688.000
05/11/2012	3.25	3.27	3.20	3.21	21193969	84646104.000
05/14/2012	3.27	3.28	3.19	3.23	23213258	93055720.000
05/15/2012	3.23	3.28	3.21	3.28	20316350	81702552.000
05/16/2012	3.27	3.27	3.20	3.20	7975867	31846764.000
05/17/2012	3.20	3.26	3.17	3.24	7829281	31232060.000
05/18/2012	3.21	3.23	3.15	3.16	6976306	27568142.000
05/21/2012	3.15	3.20	3.12	3.18	6326892	24702894.000
05/22/2012	3.20	3.29	3.18	3.28	12745515	51288012.000
05/23/2012	3.26	3.33	3.25	3.29	17066922	69555056.000
05/24/2012	3.26	3.29	3.18	3.21	10675126	42798808.000
05/25/2012	3.20	3.23	3.16	3.17	8179659	32260696.000
05/28/2012	3.15	3.24	3.06	3.23	7909096	30823832.000
05/29/2012	3.24	3.28	3.19	3.25	9015196	36098124.000
05/30/2012	3.25	3.41	3.23	3.31	27330550	112807872.000
05/31/2012	3.32	3.34	3.26	3.29	11428823	46521496.000
06/01/2012	3.33	3.41	3.31	3.34	15520866	64224024.000
06/04/2012	3.29	3.30	3.20	3.20	11358592	45606564.000
06/05/2012	3.23	3.24	3.20	3.21	4715045	18766104.000
06/06/2012	3.23	3.23	3.08	3.10	17163104	66394444.000
06/07/2012	3.12	3.18	3.10	3.12	6926988	26926614.000
06/08/2012	3.19	3.23	3.10	3.12	15177453	59428480.000
06/11/2012	3.12	3.23	3.10	3.20	10137747	39934796.000
06/12/2012	3.20	3.30	3.16	3.24	22883551	91458768.000
06/13/2012	3.24	3.29	3.20	3.26	16920521	67787016.000
06/14/2012	3.25	3.30	3.24	3.26	11503358	46613420.000
06/15/2012	3.26	3.28	3.10	3.17	16557991	65097308.000
06/18/2012	3.19	3.20	3.15	3.16	8214195	32221398.000
06/19/2012	3.15	3.17	3.07	3.10	17330162	66761932.000
06/20/2012	3.11	3.12	3.07	3.09	6995868	26759504.000
06/21/2012	3.07	3.13	3.03	3.12	12821114	48829268.000
06/25/2012	3.10	3.10	3.00	3.02	10725172	40333964.000
06/26/2012	3.02	3.09	2.99	3.07	7237560	27236914.000
06/27/2012	3.07	3.10	3.01	3.04	6444606	24369870.000
06/28/2012	3.03	3.06	2.98	2.98	5822867	21722162.000
06/29/2012	2.97	2.98	2.90	2.95	11032892	40165860.000
07/02/2012	2.97	3.00	2.95	2.96	6796429	25035090.000
07/03/2012	2.96	3.07	2.95	2.98	16775179	62362796.000
07/04/2012	2.98	3.00	2.93	2.95	8230082	30253492.000
07/05/2012	2.95	2.95	2.90	2.90	6573570	23762496.000
07/06/2012	2.95	3.01	2.92	3.00	13716495	50354772.000
07/09/2012	2.96	3.03	2.94	2.94	10597177	39047440.000
07/10/2012	2.93	2.93	2.85	2.85	9374602	33551818.000
07/11/2012	2.85	2.89	2.83	2.87	5281438	18737358.000
07/12/2012	2.95	3.00	2.89	2.98	22739903	82864424.000
07/13/2012	2.95	2.98	2.91	2.95	12532346	45613808.000
07/16/2012	2.96	2.97	2.85	2.86	8851600	31773424.000
07/17/2012	2.85	2.91	2.85	2.90	4857123	17362920.000
07/18/2012	2.90	2.91	2.79	2.85	8502271	29892484.000
07/19/2012	2.84	2.90	2.81	2.87	10180340	36192000.000
07/20/2012	2.86	2.86	2.81	2.84	5997483	21099916.000
07/23/2012	2.81	2.83	2.74	2.80	8472214	29287032.000
07/24/2012	2.77	2.85	2.77	2.82	4048834	14179675.000
07/25/2012	2.80	2.82	2.73	2.75	9033182	31042292.000
07/26/2012	2.74	2.75	2.69	2.70	9187623	31034762.000
07/27/2012	2.71	2.74	2.67	2.74	8514826	28555902.000
07/30/2012	2.71	2.73	2.63	2.65	10503572	34887756.000
07/31/2012	2.64	2.69	2.61	2.65	5077792	16709773.000
08/01/2012	2.64	2.75	2.64	2.70	9248973	31064390.000
08/02/2012	2.70	2.70	2.55	2.57	14848312	48317472.000
08/03/2012	2.60	2.60	2.55	2.60	13770018	44145084.000
08/06/2012	2.58	2.65	2.56	2.65	11856933	38497400.000
08/07/2012	2.63	2.68	2.63	2.67	13019314	43073292.000
08/08/2012	2.67	2.70	2.66	2.68	12601543	41928872.000
08/09/2012	2.68	2.71	2.67	2.71	10746429	36049068.000
08/10/2012	2.71	2.71	2.67	2.69	12595664	42096068.000
08/13/2012	2.69	2.69	2.59	2.60	8765171	28664376.000
08/14/2012	2.60	2.63	2.57	2.63	7537033	24377356.000
08/15/2012	2.61	2.63	2.59	2.59	3695015	11981809.000
08/16/2012	2.58	2.60	2.56	2.59	3653795	11748132.000
08/17/2012	2.58	2.62	2.57	2.61	4487574	14504260.000
08/20/2012	2.57	2.60	2.56	2.60	3862019	12418795.000
08/21/2012	2.60	2.63	2.59	2.60	5853954	19005580.000
08/22/2012	2.60	2.61	2.57	2.59	4662685	15022756.000
08/23/2012	2.59	2.62	2.58	2.60	4301547	13908466.000
08/24/2012	2.60	2.60	2.57	2.58	5169765	16601911.000
08/27/2012	2.57	2.60	2.56	2.56	5747580	18441896.000
08/28/2012	2.56	2.58	2.54	2.58	6499526	20694276.000
08/29/2012	2.57	2.60	2.56	2.60	5300354	17037662.000
08/30/2012	2.61	2.63	2.55	2.56	8964594	28851322.000
08/31/2012	2.55	2.60	2.55	2.58	5328352	17096016.000
09/03/2012	2.58	2.65	2.57	2.64	12892475	42170724.000
09/04/2012	2.63	2.64	2.59	2.60	8376230	27235294.000
09/05/2012	2.59	2.62	2.58	2.60	8123514	26256100.000
09/06/2012	2.60	2.62	2.59	2.60	8333014	26940224.000
09/07/2012	2.62	2.75	2.61	2.70	28324538	94609992.000
09/10/2012	2.70	2.70	2.67	2.70	17168289	57286052.000
09/11/2012	2.68	2.69	2.65	2.67	10063436	33368790.000
09/12/2012	2.68	2.70	2.65	2.69	12715904	42244960.000
09/13/2012	2.69	2.70	2.65	2.65	8222623	27343286.000
09/14/2012	2.67	2.68	2.61	2.65	14866781	48988736.000
09/17/2012	2.65	2.65	2.55	2.56	16155135	52043664.000
09/18/2012	2.55	2.57	2.55	2.55	6227809	19820076.000
09/19/2012	2.55	2.57	2.54	2.57	5193068	16527678.000
09/20/2012	2.55	2.55	2.47	2.49	12046374	37631460.000
09/21/2012	2.48	2.51	2.46	2.49	6038416	18752320.000
09/24/2012	2.47	2.50	2.45	2.49	7592474	23392680.000
09/25/2012	2.47	2.50	2.45	2.47	5337130	16457382.000
09/26/2012	2.46	2.47	2.41	2.43	9036983	27501728.000
09/27/2012	2.43	2.53	2.41	2.50	13996036	43167776.000
09/28/2012	2.48	2.56	2.47	2.55	14901396	46868660.000
10/08/2012	2.54	2.56	2.51	2.55	7330257	23151210.000
10/09/2012	2.55	2.59	2.55	2.59	10408793	33373670.000
10/10/2012	2.58	2.64	2.56	2.62	10747593	34801476.000
10/11/2012	2.60	2.63	2.57	2.57	7119200	23042330.000
10/12/2012	2.58	2.60	2.55	2.59	9297099	29783140.000
10/15/2012	2.58	2.62	2.57	2.62	11537359	37375504.000
10/16/2012	2.62	2.65	2.60	2.61	8868383	28991060.000
10/17/2012	2.62	2.63	2.59	2.61	6747779	21890926.000
10/18/2012	2.60	2.73	2.60	2.70	25903530	86353216.000
10/19/2012	2.70	2.85	2.70	2.72	36818233	126468688.000
10/26/2012	3.00	3.00	3.00	3.00	13809834	51372584.000
10/29/2012	3.24	3.24	2.99	3.15	107174689	411975680.000
10/30/2012	3.16	3.42	3.11	3.18	83016956	336203552.000
10/31/2012	3.17	3.17	3.03	3.05	50648854	192785152.000
11/01/2012	3.04	3.34	3.02	3.15	75194907	296639712.000
11/02/2012	3.14	3.40	3.12	3.31	87401708	354378240.000
11/05/2012	3.27	3.38	3.22	3.24	72971277	297450560.000
11/06/2012	3.24	3.32	3.20	3.27	48766831	196508032.000
11/07/2012	3.28	3.30	3.16	3.17	40499816	160609248.000
11/08/2012	3.13	3.20	3.04	3.05	30470521	117333672.000
11/09/2012	3.03	3.10	2.97	3.00	22573853	84556744.000
11/12/2012	3.03	3.10	3.01	3.08	21779211	82479544.000
11/13/2012	3.10	3.10	2.90	2.90	26696776	98174792.000
11/14/2012	2.88	3.00	2.88	2.96	17837286	65427712.000
11/15/2012	2.94	2.99	2.87	2.89	16440334	59840124.000
11/16/2012	2.87	2.94	2.87	2.93	13392494	48200848.000
11/19/2012	2.92	3.00	2.89	3.00	14227708	52017480.000
11/20/2012	2.98	3.09	2.98	3.00	21746523	81604888.000
11/21/2012	3.00	3.06	2.95	3.05	20252839	75553208.000
11/22/2012	3.02	3.05	2.97	2.99	12023796	44720580.000
11/23/2012	3.00	3.07	3.00	3.02	12870278	48264976.000
11/26/2012	3.02	3.05	2.97	3.00	8814534	32920002.000
11/27/2012	2.99	2.99	2.85	2.85	14038580	50411828.000
11/28/2012	2.84	2.88	2.78	2.80	10760776	37754992.000
11/29/2012	2.80	2.84	2.73	2.74	11329662	39286436.000
11/30/2012	2.75	2.89	2.74	2.86	19271890	67876296.000
12/03/2012	2.84	2.92	2.81	2.83	16069699	57295968.000
12/04/2012	2.84	2.87	2.70	2.83	17183176	59485408.000
12/05/2012	2.82	3.05	2.81	2.96	29026224	106167280.000
12/06/2012	2.96	3.01	2.93	2.99	19275595	71036936.000
12/07/2012	3.03	3.04	2.96	3.02	25076324	93102896.000
12/10/2012	3.02	3.07	3.00	3.07	20445046	76817616.000
12/11/2012	3.05	3.11	3.04	3.05	17911836	68143944.000
12/12/2012	3.06	3.06	2.95	3.00	17190076	63775808.000
12/13/2012	3.00	3.07	2.97	3.02	17604175	66089756.000
12/14/2012	3.02	3.17	3.00	3.14	36398323	140047280.000
12/17/2012	3.15	3.20	3.10	3.12	29789914	115729936.000
12/18/2012	3.12	3.15	3.04	3.05	19294372	73802696.000
12/19/2012	3.05	3.09	3.00	3.06	16301154	61417076.000
12/20/2012	3.05	3.06	3.00	3.05	12465802	46812848.000
12/21/2012	3.05	3.10	3.01	3.03	15880822	60106708.000
12/24/2012	3.00	3.09	3.00	3.05	12314282	46479768.000
12/25/2012	3.05	3.20	3.04	3.18	40313657	157341792.000
12/26/2012	3.19	3.27	3.16	3.24	29750039	118163264.000
12/27/2012	3.24	3.26	3.17	3.18	19234016	76109584.000
12/28/2012	3.17	3.30	3.16	3.27	30963832	123919792.000
12/31/2012	3.30	3.40	3.27	3.32	38524782	158627552.000
01/04/2013	3.36	3.39	3.29	3.35	30592485	126314208.000
01/07/2013	3.33	3.33	3.21	3.28	34471673	138814432.000
01/08/2013	3.27	3.29	3.23	3.28	16206863	65242800.000
01/09/2013	3.26	3.35	3.25	3.28	18978597	77204232.000
01/10/2013	3.27	3.36	3.25	3.31	24158092	99021096.000
01/11/2013	3.32	3.32	3.11	3.14	31689783	125556976.000
01/14/2013	3.12	3.27	3.10	3.25	26257146	104175312.000
01/15/2013	3.25	3.30	3.21	3.28	25401743	102122176.000
01/16/2013	3.27	3.27	3.16	3.21	19458451	77471704.000
01/17/2013	3.20	3.23	3.16	3.17	17470406	68713248.000
01/18/2013	3.17	3.26	3.17	3.26	20863198	83057512.000
01/21/2013	3.27	3.32	3.25	3.27	24423696	98899976.000
01/22/2013	3.29	3.29	3.18	3.20	19852302	79159216.000
01/23/2013	3.19	3.25	3.16	3.21	14245027	56416836.000
01/24/2013	3.21	3.26	3.12	3.14	20752086	81718872.000
01/25/2013	3.13	3.16	3.10	3.11	9309816	35992524.000
01/28/2013	3.11	3.23	3.11	3.21	18418811	72551856.000
01/29/2013	3.22	3.26	3.20	3.24	17463494	69813096.000
01/30/2013	3.24	3.25	3.18	3.22	19092417	75873168.000
01/31/2013	3.22	3.24	3.15	3.16	16565394	65244072.000
02/01/2013	3.16	3.20	3.15	3.19	13454819	52826616.000
02/04/2013	3.20	3.20	3.12	3.15	20298701	79129880.000
02/05/2013	3.14	3.28	3.12	3.25	24751533	98463096.000
02/06/2013	3.25	3.26	3.20	3.21	17059554	67917856.000
02/07/2013	3.20	3.29	3.20	3.28	26173664	105439720.000
02/08/2013	3.29	3.31	3.26	3.30	17013599	69129808.000
02/18/2013	3.33	3.49	3.32	3.45	48336914	203371536.000
02/19/2013	3.44	3.45	3.29	3.30	34956479	144466544.000
02/20/2013	3.31	3.32	3.25	3.30	23263194	94373176.000
02/21/2013	3.26	3.27	3.16	3.20	22923222	91225784.000
02/22/2013	3.20	3.23	3.18	3.19	12297859	48641172.000
02/25/2013	3.20	3.22	3.15	3.19	12161003	47820412.000
02/26/2013	3.17	3.19	3.11	3.12	15515809	60483084.000
02/27/2013	3.12	3.17	3.12	3.15	8146915	31702392.000
02/28/2013	3.16	3.23	3.15	3.23	19965487	78931040.000
03/01/2013	3.23	3.24	3.16	3.20	14428077	56911384.000
03/04/2013	3.10	3.10	2.87	2.92	33525914	123501544.000
03/05/2013	2.92	2.98	2.90	2.98	10001919	36480908.000
03/06/2013	2.99	3.03	2.98	3.01	12348739	46020900.000
03/07/2013	3.01	3.05	2.98	3.02	10691259	39851016.000
03/08/2013	3.02	3.04	3.00	3.00	5160085	19240334.000
03/11/2013	3.00	3.02	2.98	3.00	6726381	25029334.000
03/12/2013	3.00	3.05	2.95	2.97	10659606	39600104.000
03/13/2013	2.97	3.00	2.90	2.95	7492650	27450278.000
03/14/2013	2.94	2.97	2.92	2.94	4446890	16237376.000
03/15/2013	2.94	2.96	2.88	2.92	7299520	26456208.000
03/18/2013	2.91	2.94	2.89	2.90	4763495	17179580.000
03/19/2013	2.91	2.97	2.90	2.95	7819888	28498668.000
03/20/2013	2.95	3.02	2.94	3.01	10182909	37762452.000
03/21/2013	3.01	3.02	2.98	3.00	7165764	26629854.000
03/22/2013	2.99	3.02	2.97	3.02	6619568	24594412.000
03/25/2013	3.00	3.05	3.00	3.03	8405071	31425762.000
03/26/2013	3.01	3.04	2.98	2.99	6302798	23480626.000
03/27/2013	2.99	3.05	2.99	3.05	13938861	52369908.000
03/28/2013	3.04	3.04	2.96	2.99	8930889	33141012.000
03/29/2013	2.98	3.00	2.96	2.99	4343872	16031190.000
04/01/2013	2.99	3.05	2.99	3.00	8000709	29920652.000
04/02/2013	3.00	3.04	2.97	3.00	6715181	24952784.000
04/03/2013	3.00	3.00	2.93	2.94	6310096	23189600.000
04/08/2013	2.91	2.93	2.85	2.91	5692357	20402302.000
04/09/2013	2.92	2.96	2.91	2.94	4918986	17872610.000
04/10/2013	2.94	2.95	2.90	2.92	6033145	21804972.000
04/11/2013	2.94	2.95	2.91	2.91	4602271	16700788.000
04/12/2013	2.92	2.94	2.90	2.92	2950510	10679751.000
04/15/2013	2.91	2.95	2.90	2.93	5013729	18144878.000
04/16/2013	2.90	3.00	2.88	3.00	10148715	37228864.000
04/17/2013	3.00	3.02	2.95	2.99	6543880	24198186.000
04/18/2013	2.98	3.03	2.96	2.99	6263195	23301958.000
04/19/2013	2.99	3.07	2.98	3.05	18655328	69957560.000
04/22/2013	3.04	3.08	3.02	3.07	10380666	39270592.000
04/23/2013	3.05	3.05	2.91	2.94	20362041	74763392.000
04/24/2013	2.94	2.98	2.91	2.96	8417797	30731822.000
04/25/2013	2.95	2.96	2.91	2.92	7975226	28926550.000
04/26/2013	2.90	2.92	2.85	2.86	10543185	37718948.000
05/02/2013	2.85	2.86	2.82	2.85	5789952	20410852.000
05/03/2013	2.87	2.92	2.86	2.90	6322029	22685636.000
05/06/2013	2.90	2.92	2.89	2.91	9352873	33689660.000
05/07/2013	2.90	2.93	2.90	2.91	5798669	20921854.000
05/08/2013	2.91	2.94	2.90	2.90	7007566	25273414.000
05/09/2013	2.91	2.91	2.85	2.87	7809796	27869926.000
05/10/2013	2.87	2.90	2.87	2.90	6226368	22294824.000
05/13/2013	2.91	2.93	2.90	2.92	7775368	28065114.000
05/14/2013	2.92	2.93	2.86	2.89	7310969	26180856.000
05/15/2013	2.90	2.96	2.87	2.95	10028188	36168916.000
05/16/2013	3.10	3.10	2.95	3.04	28698151	107489096.000
05/17/2013	3.04	3.06	3.00	3.05	23254166	87566048.000
05/20/2013	3.07	3.13	3.05	3.08	24908008	95574232.000
05/21/2013	3.11	3.11	3.06	3.09	16984804	64630492.000
05/22/2013	3.10	3.14	3.10	3.14	21061635	81279576.000
05/23/2013	3.16	3.16	3.10	3.11	16613656	64446356.000
05/24/2013	3.10	3.14	3.06	3.12	13790258	52918728.000
05/27/2013	3.12	3.14	3.09	3.10	13383230	51344316.000
05/28/2013	3.12	3.15	3.08	3.15	19708368	62606176.000
05/29/2013	3.15	3.22	3.14	3.17	24811228	80430552.000
05/30/2013	3.14	3.18	3.12	3.15	14348331	46003508.000
05/31/2013	3.15	3.18	3.12	3.13	11606846	37163180.000
06/03/2013	3.13	3.16	3.10	3.12	12665308	40474796.000
06/04/2013	3.12	3.14	3.08	3.10	13846950	43914420.000
06/05/2013	3.10	3.14	3.08	3.14	11355512	36156452.000
06/06/2013	3.14	3.14	3.07	3.09	10119493	31969130.000
06/07/2013	3.10	3.11	3.00	3.02	10863736	33763740.000
06/13/2013	3.00	3.01	2.89	2.89	11060413	33133908.000
06/14/2013	2.90	2.93	2.84	2.91	7454138	22077938.000
06/17/2013	2.91	2.92	2.87	2.89	6441318	19042916.000
06/18/2013	2.89	2.98	2.88	2.97	10047570	30016112.000
06/19/2013	2.95	2.95	2.87	2.93	5870011	17409590.000
06/20/2013	2.94	2.96	2.87	2.89	6578035	19594764.000
06/21/2013	2.86	2.90	2.80	2.87	7181120	20917258.000
06/24/2013	2.87	2.87	2.66	2.68	11073506	31160214.000
06/25/2013	2.64	2.69	2.46	2.61	9484903	25015568.000
06/26/2013	2.84	2.84	2.70	2.72	21270314	60106832.000
06/27/2013	2.72	2.83	2.71	2.72	13012864	36599816.000
06/28/2013	2.70	2.86	2.68	2.79	16099478	46024068.000
07/01/2013	2.75	2.81	2.74	2.79	6586646	18635930.000
07/02/2013	2.79	2.80	2.74	2.78	5845354	16515045.000
07/03/2013	2.77	2.77	2.68	2.72	5358270	14918490.000
07/04/2013	2.71	2.77	2.68	2.75	6655951	18685208.000
07/05/2013	2.76	2.82	2.75	2.76	9380442	26673684.000
07/08/2013	2.73	2.73	2.64	2.67	7459344	20497054.000
07/09/2013	2.66	2.67	2.62	2.66	2975524	8059196.000
07/10/2013	2.67	2.74	2.64	2.74	6775314	18609672.000
07/11/2013	2.72	2.98	2.72	2.91	37395292	109533200.000
07/12/2013	2.89	2.93	2.81	2.83	15581425	45407060.000
07/15/2013	2.84	2.87	2.80	2.85	8809183	25564982.000
07/16/2013	2.85	2.85	2.80	2.84	9343843	26934032.000
07/17/2013	2.83	2.90	2.79	2.88	18882784	54999212.000
07/18/2013	2.86	2.87	2.75	2.78	26441970	75353176.000
07/19/2013	2.76	2.78	2.68	2.69	12804604	35717320.000
08/07/2013	2.97	2.97	2.97	2.97	2390350	7242760.500
08/08/2013	3.27	3.27	3.27	3.27	4737624	15776288.000
08/09/2013	3.60	3.60	3.60	3.60	10958126	40106740.000
08/12/2013	3.97	3.97	3.97	3.97	11894234	47933764.000
08/13/2013	4.37	4.37	4.11	4.37	306409648	1338109312.000
08/14/2013	4.24	4.44	4.21	4.40	169436274	741786624.000
08/15/2013	4.38	4.51	4.27	4.33	102402878	451456928.000
08/16/2013	4.36	4.41	4.07	4.07	114521713	493630816.000
08/19/2013	4.07	4.18	4.04	4.17	64921977	271041184.000
08/20/2013	4.16	4.21	4.07	4.20	60247785	252338144.000
08/21/2013	4.16	4.37	4.14	4.19	82766666	358604672.000
08/22/2013	4.18	4.46	4.15	4.37	113342528	499562432.000
08/23/2013	4.40	4.43	4.17	4.28	74761066	325629120.000
08/26/2013	4.23	4.33	4.19	4.26	56683978	244336224.000
08/27/2013	4.21	4.28	4.10	4.18	72216387	304949696.000
08/28/2013	4.13	4.15	3.99	4.00	73550498	303577024.000
08/29/2013	3.98	4.12	3.97	4.08	43360428	177673136.000
08/30/2013	4.04	4.09	3.92	3.94	60131360	243127808.000
09/02/2013	3.92	3.99	3.81	3.99	47636955	188648144.000
09/03/2013	3.99	4.06	3.92	4.02	41718049	169449040.000
09/04/2013	4.02	4.06	3.98	4.01	30300362	123349352.000
09/05/2013	4.00	4.02	3.93	3.94	27759732	111984016.000
09/06/2013	3.93	4.06	3.91	4.02	34272156	138644592.000
09/09/2013	4.02	4.04	3.95	3.99	38980547	158014656.000
09/10/2013	3.97	3.99	3.90	3.92	49210828	196285584.000
09/11/2013	3.91	4.04	3.90	4.02	58748902	236824704.000
09/12/2013	4.14	4.32	4.05	4.07	89861744	379771744.000
09/13/2013	4.04	4.07	3.94	3.96	44103863	178340608.000
09/16/2013	3.91	3.98	3.87	3.91	31746743	126109320.000
09/17/2013	3.92	3.93	3.73	3.76	49172027	189939680.000
09/18/2013	3.77	3.77	3.67	3.69	26223376	98627568.000
09/23/2013	3.69	3.77	3.68	3.74	23050019	87316672.000
09/24/2013	3.74	3.86	3.70	3.82	32209924	123917832.000
09/25/2013	3.84	3.84	3.72	3.73	21300459	81664304.000
09/26/2013	3.71	3.78	3.62	3.63	19153487	72095280.000
09/27/2013	3.62	3.69	3.58	3.61	17153082	63057812.000
09/30/2013	3.66	3.68	3.59	3.61	12626048	46474404.000
10/08/2013	3.61	3.68	3.59	3.68	17755938	65861044.000
10/09/2013	3.67	3.72	3.65	3.69	17398773	65319432.000
10/10/2013	3.72	3.83	3.69	3.74	26492711	101328296.000
10/11/2013	3.74	3.77	3.70	3.74	17203661	65178284.000
10/14/2013	3.74	3.75	3.68	3.70	20507983	77226968.000
10/15/2013	3.70	3.73	3.67	3.70	15402627	57844384.000
10/16/2013	3.70	3.70	3.51	3.53	26375783	96311256.000
10/17/2013	3.55	3.58	3.50	3.52	14867515	53376984.000
10/18/2013	3.52	3.56	3.48	3.50	14119647	50562704.000
10/21/2013	3.51	3.57	3.48	3.57	16542449	59390500.000
10/22/2013	3.56	3.58	3.52	3.54	13035407	46949216.000
10/23/2013	3.53	3.58	3.50	3.56	13270517	47708316.000
10/24/2013	3.52	3.52	3.40	3.41	18598944	65446744.000
10/25/2013	3.41	3.43	3.34	3.40	19863367	68272272.000
10/28/2013	3.44	3.44	3.36	3.41	10934023	37817460.000
10/29/2013	3.40	3.46	3.30	3.36	20169549	69588752.000
10/30/2013	3.35	3.46	3.31	3.43	18808643	64861232.000
10/31/2013	3.40	3.45	3.39	3.39	15914820	55364140.000
11/01/2013	3.38	3.39	3.34	3.36	10218470	34961900.000
11/04/2013	3.36	3.38	3.29	3.30	16486090	55880884.000
11/05/2013	3.29	3.32	3.23	3.32	17289578	57518332.000
11/06/2013	3.30	3.42	3.29	3.35	19244435	65609100.000
11/07/2013	3.33	3.38	3.30	3.37	13726533	46613924.000
11/08/2013	3.38	3.45	3.36	3.41	28423493	98477584.000
11/11/2013	3.42	3.42	3.35	3.36	11736491	40344924.000
11/12/2013	3.35	3.38	3.31	3.33	13355054	45348640.000
11/13/2013	3.33	3.34	3.27	3.28	10367398	34885832.000
11/14/2013	3.29	3.31	3.24	3.31	10151558	33883528.000
11/15/2013	3.30	3.38	3.29	3.35	14321113	48789812.000
11/18/2013	3.36	3.41	3.33	3.39	19754031	67679344.000
11/19/2013	3.38	3.44	3.37	3.40	16748989	58035020.000
11/20/2013	3.41	3.41	3.36	3.39	12462646	42859764.000
11/21/2013	3.39	3.39	3.31	3.34	14376420	48864544.000
11/22/2013	3.34	3.36	3.32	3.34	8827093	29978906.000
11/25/2013	3.33	3.34	3.26	3.30	14573289	48981424.000
11/26/2013	3.29	3.29	3.26	3.27	10362177	34568072.000
11/27/2013	3.26	3.31	3.26	3.29	9385669	31396412.000
11/28/2013	3.29	3.37	3.29	3.35	14972547	50878484.000
12/26/2013	3.69	3.69	3.55	3.69	102038058	381906720.000
12/27/2013	3.57	3.67	3.50	3.54	80863864	293632512.000
12/30/2013	3.52	3.55	3.41	3.43	44736458	156986256.000
12/31/2013	3.42	3.47	3.41	3.42	24951701	87248424.000
01/02/2014	3.44	3.46	3.39	3.42	28894519	100562440.000
01/03/2014	3.43	3.43	3.23	3.26	37501708	126006536.000
01/06/2014	3.24	3.24	3.07	3.08	24713736	78962888.000
01/07/2014	3.06	3.09	3.03	3.05	14018693	43720932.000
01/08/2014	3.05	3.08	3.01	3.05	16006312	49550628.000
01/09/2014	3.04	3.07	2.98	2.98	17530393	54244884.000
01/10/2014	2.97	2.97	2.79	2.81	36254083	105967328.000
01/13/2014	2.82	2.87	2.73	2.78	26513125	76023560.000
01/14/2014	2.78	2.83	2.73	2.82	27292995	77709664.000
01/15/2014	2.80	2.83	2.78	2.82	16660583	47664880.000
01/16/2014	2.81	2.87	2.80	2.86	17825547	51693868.000
01/17/2014	2.85	2.86	2.79	2.81	14444833	41576468.000
01/20/2014	2.81	2.81	2.77	2.80	10226020	29192712.000
01/21/2014	2.81	2.84	2.79	2.83	11336861	32697198.000
01/22/2014	2.83	3.06	2.82	3.03	50303106	152474240.000
01/23/2014	3.00	3.01	2.94	2.97	28119749	85424296.000
01/24/2014	2.97	3.08	2.97	3.03	31068822	96335272.000
01/27/2014	3.00	3.05	2.98	3.01	16689021	51350600.000
01/28/2014	3.03	3.06	2.99	3.00	10467668	32174442.000
01/29/2014	3.00	3.04	2.96	2.98	17340490	52977588.000
01/30/2014	2.99	3.00	2.95	2.96	8776658	26591056.000
02/07/2014	2.95	2.99	2.90	2.99	14792489	44320076.000
02/10/2014	2.98	3.06	2.97	3.06	24180083	74778488.000
02/11/2014	3.05	3.14	3.03	3.10	28504414	89418968.000
02/12/2014	3.10	3.12	3.07	3.11	20191730	63693804.000
02/13/2014	3.12	3.13	3.07	3.08	21743537	68699112.000
02/14/2014	3.08	3.11	3.05	3.10	22230737	69672176.000
02/17/2014	3.10	3.21	3.08	3.18	41945692	134421600.000
02/18/2014	3.16	3.17	3.10	3.11	27810743	88566536.000
02/19/2014	3.11	3.18	3.09	3.13	22323049	71174464.000
02/20/2014	3.12	3.18	3.10	3.11	32621869	104492792.000
02/21/2014	3.10	3.11	3.00	3.04	23410646	72912840.000
02/24/2014	3.01	3.01	2.89	2.95	20819702	62344256.000
02/25/2014	2.94	3.03	2.92	2.96	29405109	89163688.000
02/26/2014	2.99	3.06	2.94	3.02	23028145	70619864.000
02/27/2014	3.03	3.04	2.94	2.94	19442313	59425612.000
02/28/2014	2.93	2.98	2.90	2.96	16105801	48309996.000
03/03/2014	2.95	3.03	2.92	3.01	18404868	56185564.000
03/04/2014	2.99	3.11	2.99	3.09	35170112	110051568.000
03/05/2014	3.07	3.08	3.01	3.02	21078173	65366452.000
03/06/2014	3.01	3.10	2.97	3.09	28674039	89065104.000
03/07/2014	3.06	3.09	3.03	3.05	20143007	62850720.000
03/10/2014	3.06	3.06	2.97	2.97	16244752	49726764.000
03/11/2014	2.96	3.01	2.95	2.97	12638465	38331944.000
03/12/2014	2.96	3.07	2.96	3.03	26594106	82028808.000
03/13/2014	3.02	3.12	3.00	3.10	39307686	122869944.000
03/14/2014	3.08	3.17	3.07	3.15	46540557	148726336.000
03/17/2014	3.16	3.19	3.12	3.17	24951874	80180256.000
03/18/2014	3.14	3.23	3.12	3.21	33062845	106678488.000
03/19/2014	3.18	3.20	3.14	3.20	23998044	77470288.000
03/20/2014	3.21	3.23	3.07	3.07	33222071	106640176.000
03/21/2014	3.06	3.37	3.05	3.29	61838895	204868448.000
03/24/2014	3.27	3.63	3.26	3.54	115758281	409268544.000
03/25/2014	3.48	3.72	3.40	3.44	98870076	356334816.000
03/26/2014	3.46	3.49	3.39	3.43	29867870	104197544.000
03/27/2014	3.44	3.52	3.37	3.44	45879760	161580384.000
03/28/2014	3.44	3.46	3.24	3.30	40750919	139446096.000
03/31/2014	3.30	3.34	3.17	3.21	29174478	96710080.000
04/01/2014	3.20	3.31	3.19	3.29	23429821	77917928.000
04/02/2014	3.29	3.63	3.27	3.62	171635388	623199616.000
04/03/2014	3.55	3.57	3.43	3.46	82377946	292622560.000
04/04/2014	3.45	3.81	3.44	3.59	125826323	468583616.000
04/08/2014	3.60	3.67	3.51	3.62	57671470	210099008.000
04/09/2014	3.59	3.64	3.51	3.56	56707205	205016384.000
04/10/2014	3.56	3.57	3.47	3.50	46586867	166082720.000
04/11/2014	3.47	3.63	3.46	3.57	50183016	182168720.000
04/14/2014	3.56	3.66	3.46	3.59	51585313	185704992.000
04/15/2014	3.56	3.57	3.50	3.56	31242014	112151136.000
04/16/2014	3.53	3.60	3.52	3.52	17142360	61869920.000
04/17/2014	3.52	3.54	3.45	3.45	21256506	75474928.000
04/18/2014	3.45	3.49	3.32	3.39	29249849	101292352.000
04/21/2014	3.36	3.42	3.30	3.31	24131488	82434448.000
04/22/2014	3.30	3.35	3.25	3.35	19972238	67109192.000
04/23/2014	3.35	3.35	3.29	3.30	10494848	35520316.000
04/24/2014	3.30	3.37	3.26	3.30	14441629	48795360.000
04/25/2014	3.30	3.32	3.21	3.22	14399682	47878816.000
04/28/2014	3.20	3.24	3.13	3.14	15279053	49197280.000
04/29/2014	3.14	3.21	3.13	3.20	9313875	30121912.000
04/30/2014	3.20	3.24	3.18	3.24	7643460	24997230.000
05/05/2014	3.22	3.23	3.13	3.17	12200406	39356864.000
05/06/2014	3.18	3.21	3.16	3.18	7081461	23026342.000
05/07/2014	3.18	3.18	3.07	3.08	13083881	41613620.000
05/08/2014	3.06	3.16	3.05	3.10	13328411	42408704.000
05/09/2014	3.09	3.11	3.01	3.03	13401282	41680088.000
05/12/2014	3.08	3.12	3.02	3.10	20514832	64266976.000
05/13/2014	3.09	3.13	3.08	3.11	8154676	25791176.000
05/14/2014	3.13	3.17	3.10	3.11	10733142	34284696.000
05/15/2014	3.10	3.10	3.03	3.04	9141196	28589142.000
05/16/2014	3.05	3.08	3.02	3.06	11097216	34316000.000
05/19/2014	3.06	3.06	3.01	3.03	6190976	18994110.000
05/20/2014	3.04	3.30	3.02	3.21	36109335	115815288.000
05/21/2014	3.16	3.29	3.13	3.23	30598232	99447352.000
05/22/2014	3.21	3.25	3.17	3.19	15089717	48907476.000
05/23/2014	3.20	3.24	3.19	3.22	10111400	32962186.000
05/26/2014	3.22	3.23	3.17	3.19	11225624	36290372.000
05/27/2014	3.18	3.20	3.15	3.15	7931671	25475906.000
05/28/2014	3.15	3.19	3.12	3.18	9242640	29544252.000
05/29/2014	3.18	3.26	3.16	3.19	19240924	62598960.000
05/30/2014	3.19	3.22	3.15	3.18	9787869	31544402.000
06/03/2014	3.18	3.19	3.11	3.12	11612431	36972384.000
06/04/2014	3.11	3.14	3.07	3.10	7418607	23214542.000
06/05/2014	3.10	3.13	3.07	3.13	8100592	25479804.000
06/06/2014	3.19	3.21	3.13	3.14	10764619	34610500.000
06/09/2014	3.12	3.17	3.11	3.14	5617319	17886390.000
06/10/2014	3.14	3.19	3.12	3.17	9083629	29029748.000
06/11/2014	3.16	3.20	3.15	3.18	8885686	28613642.000
06/12/2014	3.17	3.19	3.15	3.15	5995219	19229382.000
06/13/2014	3.16	3.20	3.13	3.17	8001487	25661226.000
06/16/2014	3.18	3.19	3.15	3.17	10882730	34916368.000
06/17/2014	3.16	3.17	3.11	3.13	12051178	38207540.000
06/18/2014	3.12	3.13	3.09	3.12	11219433	35251580.000
06/19/2014	3.12	3.12	3.00	3.01	12553556	38808808.000
06/20/2014	3.01	3.04	2.99	3.02	10197263	31054414.000
06/23/2014	3.02	3.05	3.01	3.03	10275076	31576454.000
06/24/2014	3.06	3.09	3.05	3.06	5904350	18331250.000
06/25/2014	3.06	3.06	3.02	3.04	3452773	10630093.000
06/26/2014	3.05	3.13	3.03	3.12	12900326	40496796.000
06/27/2014	3.11	3.15	3.09	3.12	8308267	26310124.000
06/30/2014	3.12	3.16	3.11	3.14	10868658	34621332.000
07/01/2014	3.13	3.20	3.12	3.18	15944331	50969212.000
07/02/2014	3.18	3.20	3.16	3.18	10535022	33865380.000
07/03/2014	3.18	3.23	3.16	3.20	20117966	65339620.000
07/04/2014	3.20	3.22	3.16	3.19	12681195	40917852.000
07/07/2014	3.19	3.19	3.15	3.16	13149259	42228828.000
07/08/2014	3.16	3.23	3.15	3.21	15350521	49737264.000
07/09/2014	3.21	3.21	3.12	3.12	14261011	45648212.000
07/10/2014	3.12	3.16	3.10	3.12	12771891	40506448.000
07/11/2014	3.12	3.18	3.12	3.17	10440974	33338558.000
07/14/2014	3.18	3.22	3.17	3.21	15012242	48512248.000
07/15/2014	3.20	3.32	3.18	3.32	48249410	159250528.000
07/16/2014	3.26	3.30	3.23	3.27	29591819	97743640.000
07/17/2014	3.28	3.29	3.22	3.25	12460253	40923520.000
07/18/2014	3.24	3.34	3.22	3.30	29640033	98883552.000
07/21/2014	3.31	3.34	3.27	3.30	18448717	61740624.000
07/22/2014	3.32	3.56	3.30	3.37	45771088	158166576.000
07/23/2014	3.35	3.41	3.32	3.36	28880297	98214728.000
07/24/2014	3.36	3.48	3.33	3.39	34399907	118669728.000
07/25/2014	3.41	3.41	3.35	3.40	16945055	57996656.000
07/28/2014	3.40	3.45	3.38	3.44	29367285	101538032.000
07/29/2014	3.44	3.52	3.42	3.51	41602776	146134544.000
07/30/2014	3.50	3.51	3.44	3.46	22249778	77988136.000
07/31/2014	3.46	3.49	3.41	3.47	23538206	82129648.000
08/01/2014	3.46	3.46	3.33	3.36	29119372	100514856.000
08/04/2014	3.37	3.43	3.36	3.42	16240210	55963880.000
08/05/2014	3.43	3.51	3.43	3.50	38175201	134539408.000
08/06/2014	3.48	3.55	3.46	3.52	39036828	138508736.000
08/07/2014	3.65	3.73	3.52	3.53	77072431	281745824.000
08/08/2014	3.51	3.56	3.46	3.54	31185434	110668192.000
08/11/2014	3.53	3.58	3.51	3.57	20476261	73616656.000
08/12/2014	3.57	3.60	3.52	3.55	24196142	87154072.000
08/13/2014	3.54	3.63	3.51	3.62	39851840	144190304.000
08/14/2014	3.61	3.98	3.59	3.79	132937393	511036192.000
08/15/2014	3.80	4.14	3.80	4.03	136931631	550206400.000
08/18/2014	4.03	4.16	3.98	4.04	121669054	497568896.000
08/19/2014	4.08	4.11	3.95	4.04	87875565	355387424.000
08/20/2014	4.04	4.04	3.89	3.93	71608491	286105536.000
08/21/2014	4.02	4.03	3.92	3.97	42116975	168724112.000
08/22/2014	3.92	3.97	3.85	3.92	56533468	222834880.000
08/25/2014	3.93	3.93	3.83	3.85	32224550	126119568.000
08/26/2014	3.86	3.89	3.78	3.80	29686531	114949664.000
08/27/2014	3.80	3.92	3.76	3.88	33604086	130207928.000
08/28/2014	3.86	3.88	3.78	3.78	25694726	99146640.000
08/29/2014	3.78	3.82	3.76	3.82	14886213	57182736.000
09/01/2014	3.81	3.88	3.80	3.86	20058220	78043552.000
09/02/2014	3.86	3.92	3.84	3.92	34904180	136890816.000
09/03/2014	3.92	3.97	3.89	3.94	39764328	157730320.000
09/04/2014	3.95	3.96	3.92	3.95	32466761	129125248.000
09/05/2014	3.95	3.97	3.89	3.93	32121710	127349680.000
09/09/2014	3.92	3.95	3.89	3.91	24162492	95595272.000
09/10/2014	3.90	3.93	3.88	3.91	22779938	89937672.000
09/11/2014	3.92	4.06	3.90	4.02	69016560	279040832.000
09/12/2014	4.00	4.03	3.98	4.03	27766050	112450960.000
09/15/2014	4.02	4.08	4.00	4.06	35491524	144912608.000
09/16/2014	4.06	4.17	3.95	3.98	82427109	340700512.000
09/17/2014	3.98	4.03	3.94	3.99	45050236	180715152.000
09/18/2014	4.01	4.03	3.96	3.97	35795770	144187616.000
09/19/2014	3.97	3.99	3.92	3.96	38515003	153651360.000
09/22/2014	3.95	3.95	3.78	3.80	40807325	158973808.000
09/23/2014	3.83	3.84	3.79	3.83	43125912	166177712.000
09/24/2014	3.82	3.89	3.80	3.88	35776012	139106928.000
09/25/2014	3.89	3.91	3.84	3.85	35399318	138732272.000
09/26/2014	3.85	4.00	3.81	3.98	54481736	216126608.000
09/29/2014	3.96	4.04	3.96	3.98	43095355	173885808.000
09/30/2014	3.98	4.02	3.97	4.00	29988343	121039640.000
10/08/2014	4.05	4.12	4.04	4.06	45796466	188266512.000
10/09/2014	4.06	4.15	4.05	4.14	68078036	282396256.000
10/10/2014	4.12	4.22	4.10	4.20	68513223	288512256.000
10/13/2014	4.18	4.26	4.15	4.21	46544082	197008336.000
10/14/2014	4.20	4.44	4.18	4.39	102694366	449043968.000
10/15/2014	4.35	4.41	4.25	4.33	63277411	275385568.000
10/16/2014	4.30	4.30	4.15	4.16	62311970	265705392.000
10/17/2014	4.16	4.19	4.01	4.11	44131356	182669312.000
10/20/2014	4.13	4.20	4.09	4.19	29437204	123528960.000
10/21/2014	4.17	4.18	4.07	4.08	27754191	115591408.000
10/22/2014	4.08	4.18	4.05	4.07	32713192	135968944.000
10/23/2014	4.04	4.09	3.95	3.96	33908802	136869168.000
10/24/2014	3.96	4.01	3.94	3.96	18201448	73104304.000
10/27/2014	3.93	3.99	3.91	3.97	17840704	71341136.000
10/28/2014	3.98	4.07	3.97	4.07	23287449	94682776.000
10/29/2014	4.08	4.21	4.03	4.20	51347606	213826608.000
10/30/2014	4.17	4.20	4.12	4.15	36036502	151179584.000
10/31/2014	4.14	4.20	4.12	4.17	45083334	189312832.000
11/03/2014	4.17	4.25	4.15	4.21	45915321	194264320.000
11/04/2014	4.21	4.22	4.15	4.16	28486167	120060304.000
11/05/2014	4.16	4.26	4.16	4.21	38285253	163074992.000
11/06/2014	4.21	4.23	4.15	4.19	23368702	98488168.000
11/07/2014	4.19	4.24	4.12	4.12	37465590	158017440.000
11/10/2014	4.13	4.16	4.11	4.16	26661789	111309632.000
11/11/2014	4.17	4.19	3.97	4.01	48802186	200927776.000
11/12/2014	4.00	4.05	3.98	4.04	26885908	109123640.000
11/13/2014	4.03	4.06	3.98	3.99	25067600	101531472.000
11/14/2014	3.97	4.01	3.96	4.01	16297214	65718804.000
11/17/2014	4.01	4.05	4.00	4.03	18499399	75258184.000
11/18/2014	4.03	4.08	4.02	4.04	21858563	89297592.000
11/19/2014	4.04	4.07	4.03	4.04	15707273	64190708.000
11/20/2014	4.03	4.05	4.01	4.03	11906583	48399376.000
11/21/2014	4.03	4.05	3.99	4.05	20114711	81704648.000
11/24/2014	4.18	4.25	4.12	4.20	86990377	367485024.000
11/25/2014	4.20	4.34	4.17	4.28	71904171	310666592.000
11/26/2014	4.27	4.30	4.17	4.22	48370204	206284432.000
11/27/2014	4.24	4.65	4.23	4.65	192250721	891437120.000
11/28/2014	4.58	4.81	4.57	4.73	186493529	884172352.000
04/17/2015	5.21	5.21	5.21	5.21	473151	2484042.750
04/20/2015	5.74	5.74	5.74	5.74	562151	3249232.750
04/21/2015	6.32	6.32	6.32	6.32	707953	4502581.000
04/22/2015	6.96	6.96	6.96	6.96	350232	2451624.000
04/23/2015	7.66	7.66	7.66	7.66	937628	7219735.500
04/24/2015	8.43	8.43	8.43	8.43	2214604	18757696.000
04/27/2015	9.28	9.28	9.28	9.28	2106173	19629532.000
04/28/2015	10.21	10.21	10.21	10.21	2507753	25704468.000
04/29/2015	11.24	11.24	11.24	11.24	3625801	40899036.000
04/30/2015	12.37	12.37	12.37	12.37	7745279	96118912.000
05/04/2015	13.61	13.61	12.86	13.61	296411199	3988550656.000
05/05/2015	13.96	14.31	12.25	12.26	312925566	4099637760.000
05/06/2015	12.25	12.65	11.30	11.64	218286299	2633853440.000
05/07/2015	11.48	12.02	11.29	11.70	118008276	1385108608.000
05/08/2015	11.80	11.93	11.34	11.75	106559023	1240944256.000
05/11/2015	11.86	12.93	11.69	12.76	175099154	2189760256.000
05/12/2015	12.66	13.13	12.41	13.03	203933668	2612679936.000
05/13/2015	12.86	14.34	12.66	14.34	211937478	2885963520.000
05/14/2015	14.96	15.78	14.32	14.34	274358181	4166264064.000
05/15/2015	13.86	14.13	13.20	13.36	164982264	2251099136.000
05/18/2015	13.06	13.82	12.99	13.47	98749210	1341980032.000
05/19/2015	13.26	13.96	13.13	13.61	96996162	1318430336.000
05/20/2015	13.66	14.46	13.42	13.74	132895227	1845307904.000
05/21/2015	13.59	14.29	13.52	13.81	113221016	1572439168.000
05/22/2015	13.96	15.16	13.76	14.85	188236338	2725799168.000
05/25/2015	14.70	15.50	14.36	15.05	161275557	2422861568.000
05/26/2015	15.11	16.25	14.91	15.58	160962009	2517244672.000
05/27/2015	15.46	15.77	14.74	14.91	149855002	2254619904.000
05/28/2015	14.64	15.02	13.42	13.42	142795743	2046639488.000
05/29/2015	13.25	13.59	12.26	13.06	104471215	1368695424.000
06/01/2015	13.04	13.81	12.98	13.73	76552644	1032895552.000
06/02/2015	13.77	14.39	13.47	14.22	86723700	1218176000.000
06/03/2015	14.26	14.32	13.53	13.78	85764063	1190424960.000
06/04/2015	13.81	14.74	13.16	14.46	144184195	2058335104.000
06/05/2015	15.24	15.71	14.45	14.95	170193578	2584800512.000
06/08/2015	14.68	15.19	14.54	14.62	113268736	1678360192.000
06/09/2015	14.67	14.78	13.94	14.21	87988686	1257674880.000
06/10/2015	13.96	15.64	13.78	15.64	181981083	2771799808.000
06/11/2015	15.66	16.26	14.94	15.85	220879911	3446611968.000
06/12/2015	15.87	17.27	15.70	16.49	179205946	2952409856.000
06/15/2015	16.56	16.90	15.56	15.66	133367074	2169560576.000
06/16/2015	15.39	15.41	14.76	14.80	93251096	1405140736.000
06/17/2015	14.76	15.76	14.73	15.53	86723369	1323228544.000
06/18/2015	15.46	15.46	14.16	14.41	78379773	1180130688.000
06/19/2015	13.98	14.15	12.97	12.97	72322804	976989120.000
06/23/2015	12.86	13.14	11.71	12.79	71267971	891378048.000
06/24/2015	12.97	13.43	12.57	13.34	77704372	1016233792.000
06/25/2015	13.27	13.34	12.00	12.11	73405421	945642752.000
06/26/2015	11.64	11.66	10.90	10.90	74735240	840900288.000
06/29/2015	11.16	11.25	9.81	9.81	85553111	881060800.000
06/30/2015	9.49	10.49	8.83	10.34	108711055	1046939200.000
07/01/2015	10.06	10.47	9.30	9.30	84479435	851476032.000
07/02/2015	9.30	9.36	8.37	8.37	92572067	814889216.000
07/03/2015	7.94	8.53	7.53	7.53	92139506	718121408.000
07/06/2015	8.29	8.29	6.77	7.14	132568220	977391488.000
07/07/2015	6.81	7.04	6.42	6.42	64181096	424862592.000
07/08/2015	5.77	7.07	5.77	6.88	274578900	1795769088.000
07/09/2015	6.60	7.57	6.60	7.57	87053539	638419776.000
07/10/2015	8.01	8.33	7.87	8.33	36593427	301162624.000
07/13/2015	9.14	9.17	8.76	9.17	90856498	827433472.000
07/14/2015	9.21	9.90	8.99	9.33	164241795	1563527680.000
07/15/2015	8.91	9.13	8.39	8.39	84717528	736267904.000
07/16/2015	8.06	9.11	7.67	8.65	82063682	700477504.000
07/17/2015	8.68	9.32	8.68	9.14	87378949	789219584.000
07/20/2015	9.16	9.36	8.81	9.02	100369603	912885504.000
07/21/2015	8.72	9.33	8.60	9.16	77635949	701684288.000
07/22/2015	9.16	9.31	8.87	9.17	68553101	625292288.000
07/23/2015	9.18	9.96	9.08	9.79	118782109	1148287104.000
07/24/2015	9.77	9.77	9.10	9.23	107139924	1024777664.000
07/27/2015	9.08	9.17	8.31	8.31	70933985	621345664.000
07/28/2015	7.88	8.31	7.48	8.00	89601850	703473728.000
07/29/2015	8.14	8.64	7.70	8.61	56115413	455807616.000
07/30/2015	8.43	8.72	7.93	7.96	58689552	496035552.000
07/31/2015	7.80	8.07	7.64	7.84	48196161	377780160.000
08/03/2015	7.78	8.17	7.58	8.14	57774217	455746560.000
08/04/2015	8.08	8.94	8.07	8.87	65588772	560420736.000
08/05/2015	8.77	8.85	8.40	8.47	61442189	530245728.000
08/06/2015	8.26	8.73	8.16	8.43	35562450	302172192.000
08/07/2015	8.53	8.74	8.50	8.64	41285711	358166112.000
08/10/2015	8.68	9.21	8.68	9.13	64631940	580096896.000
08/11/2015	9.12	9.44	9.01	9.12	66675120	615534208.000
08/12/2015	8.98	9.22	8.90	9.02	49862101	452207424.000
08/13/2015	9.03	9.48	9.02	9.36	66627715	620193920.000
08/14/2015	9.43	10.30	9.42	10.30	68349198	681082176.000
08/17/2015	10.66	11.33	10.47	11.16	171053158	1874574720.000
08/18/2015	10.88	11.05	10.04	10.04	127450975	1332725632.000
08/19/2015	9.34	10.32	9.03	9.99	105012787	1001146112.000
08/20/2015	9.94	9.94	9.06	9.07	70380951	675305664.000
08/21/2015	8.65	8.94	8.26	8.29	59733000	514469888.000
08/24/2015	7.79	7.98	7.46	7.46	41158854	311850976.000
08/25/2015	6.72	6.95	6.71	6.71	49015544	331879968.000
08/26/2015	6.71	7.13	6.28	6.38	63506984	426772320.000
08/27/2015	6.67	7.02	6.37	7.02	56403310	380929408.000
08/28/2015	7.33	7.57	7.14	7.54	75502487	554727168.000
08/31/2015	7.38	7.45	7.13	7.15	45663703	332841952.000
09/01/2015	7.18	7.53	6.73	6.78	61937173	446921056.000
09/02/2015	6.28	6.97	6.10	6.19	56027123	360452480.000
09/07/2015	6.35	6.75	6.29	6.39	42249399	275854656.000
09/08/2015	6.36	7.03	6.29	7.03	40924333	271175520.000
09/09/2015	7.23	7.74	7.07	7.38	75193316	557017472.000
09/10/2015	7.23	7.26	7.06	7.07	43688805	312828160.000
09/11/2015	7.20	7.39	7.11	7.25	38694135	281354624.000
09/14/2015	7.29	7.34	6.52	6.52	52567101	358572672.000
09/15/2015	6.27	6.41	5.87	5.97	52176133	321533792.000
09/16/2015	6.08	6.57	6.03	6.57	41810625	264228672.000
09/17/2015	6.60	7.05	6.46	6.51	60841269	411541184.000
09/18/2015	6.48	6.71	6.41	6.68	33514379	220789280.000
09/21/2015	6.58	6.98	6.51	6.98	38692367	263195056.000
09/22/2015	7.04	7.13	6.85	6.96	42703672	299463712.000
09/23/2015	6.79	6.94	6.70	6.77	29093984	199268944.000
09/24/2015	6.83	7.01	6.79	6.94	27834469	193383024.000
09/25/2015	6.91	7.00	6.39	6.53	43472825	289259968.000
09/28/2015	6.53	6.74	6.40	6.69	20446269	135457328.000
09/29/2015	6.53	6.65	6.45	6.48	18755484	122699080.000
09/30/2015	6.54	6.57	6.41	6.47	17134697	111698152.000
10/08/2015	6.86	6.94	6.74	6.80	27057784	184960144.000
10/09/2015	6.78	7.48	6.75	7.48	55478034	396407040.000
10/12/2015	7.38	7.87	7.30	7.67	80435384	614697152.000
10/13/2015	7.59	7.72	7.44	7.65	46462713	354327584.000
10/14/2015	7.63	7.82	7.54	7.55	42669959	328885376.000
10/15/2015	7.50	7.94	7.43	7.86	50680417	391872512.000
10/16/2015	7.84	8.03	7.56	7.94	66761351	523599520.000
10/19/2015	8.06	8.32	7.82	8.02	74192746	603699264.000
10/20/2015	8.06	8.40	7.94	8.33	63443414	518241984.000
10/21/2015	8.38	8.41	7.50	7.50	84297623	665516864.000
10/22/2015	7.49	8.03	7.43	7.93	67479395	525736992.000
10/23/2015	7.98	8.20	7.89	8.05	86848748	701349568.000
10/26/2015	8.14	8.28	7.78	7.96	81847229	655996032.000
10/27/2015	7.95	8.19	7.49	8.08	66454977	522800096.000
10/28/2015	8.02	8.25	7.78	7.84	51349709	413848640.000
10/29/2015	7.91	8.14	7.78	8.02	41857939	334630688.000
10/30/2015	8.13	8.35	8.02	8.09	70723478	582298752.000
11/02/2015	7.83	8.03	7.70	7.75	40575268	320266112.000
11/03/2015	7.84	7.85	7.64	7.71	24222610	187914784.000
11/04/2015	7.72	8.33	7.72	8.27	68830823	559964160.000
11/05/2015	8.28	8.61	8.11	8.30	124593098	1041397696.000
11/06/2015	8.29	8.57	8.24	8.47	83063829	700808064.000
11/09/2015	8.40	8.78	8.37	8.53	81781660	701519424.000
11/10/2015	8.43	8.63	8.37	8.52	68885343	586172480.000
11/11/2015	8.48	8.84	8.38	8.79	72331801	625270848.000
11/12/2015	8.75	8.82	8.33	8.51	80769102	690902464.000
11/13/2015	8.39	8.45	8.13	8.26	54720608	455050016.000
11/16/2015	8.07	8.40	7.99	8.38	32663189	269066368.000
11/17/2015	8.43	8.54	8.24	8.25	64903315	546119808.000
11/18/2015	8.27	8.53	8.16	8.18	57246397	478251616.000
11/19/2015	8.35	8.47	8.19	8.42	44060494	368569568.000
11/20/2015	8.43	8.52	8.28	8.40	63747984	536638272.000
11/23/2015	8.47	8.86	8.39	8.79	114326302	988377984.000
11/24/2015	8.68	8.76	8.40	8.62	61259344	525762080.000
11/25/2015	8.68	8.81	8.57	8.71	68583460	597162624.000
11/26/2015	8.73	9.14	8.64	8.95	120096150	1075848704.000
11/27/2015	8.79	8.94	8.05	8.05	102346951	864938112.000
11/30/2015	7.91	8.07	7.61	7.88	61257908	482044864.000
12/01/2015	7.91	8.23	7.81	8.04	51912383	416188640.000
12/02/2015	8.01	8.17	7.79	8.14	40488263	324428736.000
12/03/2015	8.12	8.28	8.08	8.20	42209172	346112800.000
12/04/2015	8.14	8.20	7.92	8.00	42255393	340660128.000
12/07/2015	8.00	8.16	7.98	8.09	26915874	217864160.000
12/08/2015	8.09	8.21	8.00	8.01	36797436	299210496.000
12/09/2015	8.13	8.27	8.02	8.04	35546252	290029536.000
12/10/2015	7.93	8.11	7.91	7.93	28488934	228858848.000
12/11/2015	7.92	7.98	7.70	7.77	27098573	212624208.000
12/14/2015	7.69	8.04	7.62	7.99	27071445	211504112.000
12/15/2015	7.98	8.10	7.96	7.99	20282421	162851744.000
12/16/2015	8.03	8.14	7.98	8.00	27617409	222915840.000
12/17/2015	8.05	8.20	8.02	8.18	52402415	427323936.000
12/18/2015	8.19	8.40	8.11	8.17	51944931	429598944.000
12/21/2015	8.21	8.36	8.19	8.29	48507227	402091776.000
12/22/2015	8.34	8.56	8.29	8.37	53358186	449229664.000
12/23/2015	8.37	8.61	8.30	8.49	75949508	641851392.000
12/24/2015	8.62	8.67	8.23	8.35	46043571	387146144.000
12/25/2015	8.32	8.43	8.32	8.39	27709523	232439216.000
12/28/2015	8.38	8.47	7.98	7.98	47915201	395415808.000
12/29/2015	7.98	8.06	7.88	8.06	26509404	211821904.000
12/30/2015	8.05	8.13	7.99	8.06	22315738	180248544.000
12/31/2015	8.09	8.09	7.84	7.84	23912644	191244496.000
01/04/2016	7.86	7.90	7.05	7.05	31283832	232911136.000
01/05/2016	6.78	7.09	6.43	6.83	38647165	264072304.000
01/06/2016	6.88	6.97	6.75	6.96	34348460	236515568.000
01/07/2016	6.86	6.86	6.26	6.27	12129600	78521720.000
01/08/2016	6.42	6.48	5.93	6.26	40550180	256628704.000
01/11/2016	6.24	6.39	5.91	5.95	30629510	188426448.000
01/12/2016	6.03	6.16	5.92	6.07	26375783	160129904.000
01/13/2016	6.14	6.24	5.91	5.91	22744074	139124288.000
01/14/2016	5.73	6.09	5.63	6.05	26535313	156132912.000
01/15/2016	6.02	6.04	5.58	5.63	26266242	153767808.000
01/18/2016	5.56	5.83	5.48	5.70	20696820	118175472.000
01/19/2016	5.68	5.98	5.66	5.93	23061446	135090976.000
01/20/2016	5.89	6.01	5.75	5.82	27350806	161549152.000
01/21/2016	5.73	6.05	5.70	5.79	32741234	193325088.000
01/22/2016	5.83	5.93	5.67	5.86	20779464	121109464.000
01/25/2016	5.91	5.96	5.81	5.86	17930079	106026712.000
01/26/2016	5.78	5.82	5.27	5.27	37309466	205882336.000
01/27/2016	5.31	5.33	4.78	5.02	39069953	196992096.000
01/28/2016	5.01	5.07	4.66	4.69	22415601	110507448.000
01/29/2016	4.69	5.00	4.60	4.92	24642971	120524672.000
02/01/2016	4.92	4.95	4.68	4.81	17775062	86453488.000
02/02/2016	4.79	5.05	4.79	5.02	20656258	103192080.000
02/03/2016	4.99	5.19	4.96	5.16	25330047	128944120.000
02/04/2016	5.18	5.31	5.12	5.24	22793917	119463648.000
02/05/2016	5.29	5.40	5.20	5.20	22897089	121891960.000
02/15/2016	4.98	5.17	4.88	5.11	14447754	73374848.000
02/16/2016	5.17	5.39	5.13	5.33	22906986	121933688.000
02/17/2016	5.34	5.56	5.30	5.54	31770546	173982208.000
02/18/2016	5.57	5.65	5.41	5.44	28808739	159045408.000
02/19/2016	5.44	5.51	5.36	5.43	22173787	121125872.000
02/22/2016	5.49	5.60	5.47	5.58	28892239	160811856.000
02/23/2016	5.58	5.58	5.40	5.46	20876012	114832352.000
02/24/2016	5.45	5.54	5.36	5.54	21570931	118326920.000
02/25/2016	5.52	5.72	4.99	5.08	48646777	266616880.000
02/26/2016	5.11	5.22	4.99	5.17	26454682	136268640.000
02/29/2016	5.12	5.16	4.65	4.77	33771132	162610560.000
03/01/2016	4.80	4.96	4.75	4.93	28385547	138841904.000
03/02/2016	4.95	5.43	4.90	5.43	39526692	206264064.000
03/03/2016	5.53	5.72	5.44	5.47	68380563	382903008.000
03/04/2016	5.41	5.51	5.10	5.25	41952218	223848528.000
03/07/2016	5.28	5.45	5.26	5.36	25897134	139225536.000
03/08/2016	5.34	5.41	5.08	5.38	28438427	149579536.000
03/09/2016	5.29	5.31	5.12	5.14	20848181	108869992.000
03/10/2016	5.15	5.22	4.98	5.03	15564050	79982064.000
03/11/2016	5.01	5.13	4.96	5.06	12518604	63586328.000
03/14/2016	5.08	5.37	5.07	5.24	27483728	144849792.000
03/15/2016	5.23	5.27	5.14	5.18	15166821	79250592.000
03/16/2016	5.22	5.24	5.05	5.08	17101015	88198408.000
03/17/2016	5.10	5.27	5.09	5.24	26493649	138252224.000
03/18/2016	5.31	5.50	5.25	5.43	39729885	214807344.000
03/21/2016	5.53	5.65	5.48	5.60	46198371	257964656.000
03/22/2016	5.52	5.59	5.46	5.52	31851954	176808608.000
03/23/2016	5.52	5.76	5.49	5.73	50108600	284221824.000
03/24/2016	5.65	5.66	5.49	5.50	32578300	182689056.000
03/25/2016	5.49	5.59	5.46	5.56	18064100	100242104.000
03/28/2016	5.58	5.65	5.43	5.48	21769362	121350040.000
03/29/2016	5.45	5.48	5.31	5.34	18674188	101028120.000
03/30/2016	5.40	5.52	5.36	5.50	21442700	116986888.000
03/31/2016	5.51	5.59	5.49	5.51	24207454	134485712.000
04/01/2016	5.49	5.56	5.44	5.56	25367486	140165712.000
04/05/2016	5.58	5.73	5.52	5.69	38946648	220646560.000
04/06/2016	5.69	5.91	5.65	5.83	45397983	264213760.000
04/07/2016	5.82	5.85	5.63	5.64	30780000	176920304.000
04/08/2016	5.58	5.60	5.45	5.59	22625700	126024312.000
04/11/2016	5.64	5.76	5.64	5.69	24055000	138124000.000
04/12/2016	5.69	5.71	5.55	5.61	19896100	112215264.000
04/13/2016	5.64	5.86	5.61	5.73	43010700	249267232.000
04/14/2016	5.75	5.80	5.72	5.78	25191769	145644368.000
04/15/2016	5.80	5.81	5.73	5.80	23032753	133459680.000
04/18/2016	5.77	5.77	5.62	5.63	22268700	126770216.000
04/19/2016	5.65	5.71	5.57	5.63	17893200	101164424.000
04/20/2016	5.64	5.68	5.10	5.26	37579176	202544544.000
04/21/2016	5.26	5.34	5.16	5.19	20029700	105649248.000
04/22/2016	5.16	5.24	5.10	5.20	14962800	77667752.000
04/25/2016	5.18	5.21	5.12	5.19	9022825	46871936.000
04/26/2016	5.20	5.31	5.19	5.29	13239793	69886120.000
04/27/2016	5.25	5.32	5.21	5.22	12663985	66939860.000
04/28/2016	5.19	5.24	5.12	5.21	13076490	67948272.000
04/29/2016	5.18	5.21	5.12	5.15	12285544	63692044.000
05/03/2016	5.17	5.33	5.12	5.32	20165100	106306112.000
05/04/2016	5.32	5.32	5.24	5.28	15508910	82255704.000
05/05/2016	5.27	5.34	5.26	5.33	15298515	81254544.000
05/06/2016	5.33	5.34	5.09	5.10	24200179	125811296.000
05/09/2016	5.07	5.07	4.81	4.86	21497905	106013888.000
05/10/2016	4.88	4.92	4.83	4.86	11338365	55507672.000
05/11/2016	4.89	4.91	4.81	4.85	8461929	41363916.000
05/12/2016	4.81	4.81	4.65	4.78	13348117	63435536.000
05/13/2016	4.75	4.81	4.65	4.71	10933161	52013252.000
05/16/2016	4.71	4.79	4.66	4.78	10265063	48750912.000
05/17/2016	4.77	4.85	4.74	4.80	12419400	59904892.000
05/18/2016	4.78	4.78	4.65	4.68	11916634	56232040.000
05/19/2016	4.66	4.77	4.65	4.68	9790764	46357540.000
05/20/2016	4.66	4.74	4.62	4.73	9760793	45939536.000
05/23/2016	4.87	5.21	4.86	5.21	30023866	153180544.000
05/24/2016	5.28	5.53	5.23	5.23	93445690	502473440.000
05/25/2016	5.18	5.32	5.08	5.11	50055497	260443104.000
05/26/2016	5.06	5.13	4.89	5.11	37627504	188913632.000
05/27/2016	5.05	5.17	5.04	5.09	26406490	135521360.000
05/30/2016	5.02	5.23	4.98	5.11	25323153	130045008.000
05/31/2016	5.13	5.33	5.13	5.30	47922128	252006784.000
06/01/2016	5.30	5.47	5.21	5.37	53475423	286724640.000
06/02/2016	5.33	5.62	5.30	5.48	60125506	328232864.000
06/03/2016	5.49	5.51	5.36	5.40	42246121	230600672.000
06/06/2016	5.38	5.43	5.31	5.37	25222722	135731968.000
06/07/2016	5.37	5.55	5.29	5.47	35205608	191492384.000
06/08/2016	5.45	5.46	5.35	5.39	23619314	127978696.000
06/13/2016	5.29	5.34	5.00	5.01	33083533	172455136.000
06/14/2016	5.01	5.22	4.97	5.09	24594994	125855832.000
06/15/2016	5.00	5.36	5.00	5.34	38230574	200922864.000
06/16/2016	5.30	5.41	5.24	5.33	31183445	167062384.000
06/17/2016	5.28	5.51	5.28	5.39	33426878	180584080.000
06/20/2016	5.36	5.41	5.29	5.36	18395776	98482216.000
06/21/2016	5.38	5.43	5.18	5.22	24769825	132481568.000
06/22/2016	5.23	5.36	5.15	5.36	15694652	82622800.000
06/23/2016	5.30	5.37	5.24	5.25	16661827	88310352.000
06/24/2016	5.23	5.33	5.08	5.15	35357703	183574752.000
06/27/2016	5.10	5.24	5.10	5.22	15928397	82689984.000
06/28/2016	5.17	5.29	5.15	5.29	19633129	102389256.000
06/29/2016	5.29	5.39	5.26	5.35	27521494	146834656.000
06/30/2016	5.35	5.36	5.26	5.34	19464457	103338512.000
07/01/2016	5.36	5.54	5.34	5.49	57307949	312314208.000
07/04/2016	5.49	5.62	5.48	5.53	42603674	235624272.000
07/05/2016	5.58	5.58	5.51	5.53	30494695	168970016.000
07/06/2016	5.52	5.56	5.46	5.51	20389954	112056168.000
07/07/2016	5.50	5.51	5.40	5.49	20358091	111231648.000
07/08/2016	5.46	5.55	5.43	5.50	18169400	99839240.000
07/11/2016	5.57	5.63	5.46	5.47	31342142	174185328.000
07/12/2016	5.46	5.54	5.37	5.54	21525577	117716520.000
07/13/2016	5.55	5.73	5.54	5.65	40237637	227481056.000
07/14/2016	5.64	5.66	5.56	5.59	20397894	114187248.000
07/15/2016	5.59	5.68	5.55	5.65	22523718	126456896.000
07/18/2016	5.65	5.65	5.53	5.53	16632698	92622904.000
07/19/2016	5.53	5.56	5.50	5.56	12458582	68938024.000
07/20/2016	5.57	5.57	5.50	5.53	12485619	69097104.000
07/21/2016	5.50	5.57	5.50	5.53	13647110	75478968.000
07/22/2016	5.52	5.56	5.50	5.53	14994280	82832304.000
07/25/2016	5.53	5.65	5.50	5.64	21867779	122187800.000
07/26/2016	5.62	5.68	5.61	5.67	19529691	110402192.000
07/27/2016	5.69	5.69	5.24	5.34	32050286	174528944.000
07/28/2016	5.33	5.44	5.30	5.39	18235116	97965672.000
07/29/2016	5.40	5.41	5.32	5.35	14269696	76582352.000
08/01/2016	5.32	5.35	5.13	5.17	18225680	94662272.000
08/02/2016	5.25	5.28	5.18	5.26	12331522	64652884.000
08/03/2016	5.25	5.35	5.20	5.29	11801249	62195180.000
08/04/2016	5.28	5.34	5.24	5.33	10389772	54998692.000
08/05/2016	5.33	5.34	5.26	5.27	9936209	52625448.000
08/08/2016	5.27	5.36	5.26	5.34	14621300	77856488.000
08/09/2016	5.33	5.38	5.31	5.35	15780109	84335840.000
08/10/2016	5.35	5.37	5.32	5.33	11130223	59497668.000
08/11/2016	5.33	5.38	5.27	5.27	11427070	60954596.000
08/12/2016	5.27	5.41	5.24	5.40	21273425	113321528.000
08/15/2016	5.40	5.65	5.38	5.57	42069533	232678080.000
08/16/2016	5.55	5.59	5.49	5.54	28015996	155207072.000
08/17/2016	5.56	5.58	5.49	5.57	22370414	123902072.000
08/18/2016	5.58	5.80	5.56	5.62	53899256	305744064.000
08/19/2016	5.62	5.76	5.59	5.65	35376159	200598592.000
08/22/2016	5.68	6.22	5.65	5.95	103321877	627389248.000
08/23/2016	5.87	6.26	5.85	6.09	102821695	625340096.000
08/24/2016	6.01	6.11	5.93	5.98	47929181	286796480.000
08/25/2016	5.94	5.94	5.75	5.84	47996139	280918976.000
08/26/2016	5.83	5.88	5.80	5.83	25380700	148198176.000
08/29/2016	5.83	5.83	5.67	5.74	29477671	168611840.000
08/30/2016	5.74	5.78	5.70	5.73	13190530	75596864.000
08/31/2016	5.72	5.79	5.68	5.73	17752663	101779816.000
09/01/2016	5.73	5.74	5.62	5.62	17319182	98444112.000
09/02/2016	5.62	5.74	5.60	5.63	17041409	96352256.000
09/05/2016	5.66	5.71	5.63	5.66	11519071	65326592.000
09/06/2016	5.68	5.83	5.63	5.82	31347881	180190048.000
09/07/2016	5.80	5.83	5.71	5.73	27161881	156452368.000
09/08/2016	5.71	5.88	5.71	5.79	26918191	156186896.000
09/09/2016	5.76	5.80	5.63	5.63	23691300	135159440.000
09/12/2016	5.59	5.59	5.35	5.36	28315115	154122176.000
09/13/2016	5.39	5.42	5.34	5.40	15248136	82027544.000
09/14/2016	5.36	5.42	5.34	5.39	10134745	54650352.000
09/19/2016	5.40	5.46	5.39	5.44	6666695	36236944.000
09/20/2016	5.44	5.52	5.43	5.49	10057301	54982084.000
09/21/2016	5.49	5.55	5.46	5.48	10110255	55658136.000
09/22/2016	5.53	5.58	5.50	5.52	12344901	68366520.000
09/23/2016	5.52	5.54	5.43	5.43	12554620	68712792.000
09/26/2016	5.44	5.47	5.30	5.30	13577510	73323592.000
09/27/2016	5.32	5.52	5.30	5.49	21045586	114431024.000
09/28/2016	5.52	5.52	5.41	5.42	9655359	52762888.000
09/29/2016	5.42	5.50	5.40	5.42	10911856	59512784.000
09/30/2016	5.43	5.48	5.41	5.46	9147445	49790804.000
数据来源:通达信
