002473 圣莱达 日线 前复权
      日期	    开盘	    最高	    最低	    收盘	    成交量	    成交额
01/04/2012	7.33	7.50	7.12	7.14	324654	2494337.250
01/05/2012	7.14	7.20	6.74	6.79	427885	3159076.750
01/06/2012	6.66	6.97	6.66	6.92	295858	2130078.000
01/09/2012	6.92	7.37	6.88	7.30	502354	3804965.750
01/10/2012	7.26	7.65	7.22	7.60	885922	6981015.500
01/11/2012	7.48	7.72	7.48	7.61	1064854	8471257.000
01/12/2012	7.51	7.66	7.46	7.65	892074	7110738.000
01/13/2012	7.55	7.65	7.13	7.34	752518	5828979.000
01/16/2012	7.35	7.35	6.92	6.99	262080	1963963.000
01/17/2012	7.17	7.42	6.92	7.40	469584	3566183.500
01/18/2012	7.42	7.60	7.12	7.16	397756	3088946.000
01/19/2012	7.13	7.33	7.12	7.31	502182	3835668.500
01/20/2012	7.29	8.07	7.29	8.04	1627224	13318100.000
01/30/2012	7.99	7.99	7.70	7.80	2025604	16524306.000
01/31/2012	7.72	7.83	7.68	7.75	727118	5904628.000
02/01/2012	7.75	7.78	7.45	7.48	1083532	8636214.000
02/02/2012	7.45	7.63	7.42	7.62	674213	5343958.000
02/03/2012	7.62	7.97	7.62	7.85	1043087	8543094.000
02/06/2012	7.92	7.92	7.76	7.85	723998	5952542.000
02/07/2012	7.85	8.47	7.79	7.93	1821041	15328754.000
02/08/2012	7.87	8.34	7.69	8.31	1765038	14806309.000
02/09/2012	8.19	8.58	8.09	8.23	2029635	17769164.000
02/10/2012	8.23	8.80	8.10	8.53	2474668	21958370.000
02/13/2012	8.50	8.77	8.32	8.59	1767572	15808001.000
02/14/2012	8.52	8.74	8.42	8.52	1122634	10048966.000
02/15/2012	8.52	8.88	8.34	8.73	2732901	24767058.000
02/16/2012	8.69	9.08	8.63	8.83	2679706	24708744.000
02/17/2012	8.80	8.83	8.63	8.77	1014851	9230940.000
02/20/2012	8.82	8.98	8.70	8.70	1197460	10995569.000
02/21/2012	8.70	8.74	8.52	8.72	984291	8892468.000
02/22/2012	8.72	8.99	8.65	8.89	1298599	11967597.000
02/23/2012	8.89	9.19	8.83	9.00	3112744	29215760.000
02/24/2012	8.94	9.06	8.89	9.02	1463072	13657605.000
02/27/2012	9.03	9.27	8.93	8.97	2529385	23968776.000
02/28/2012	8.91	8.91	8.64	8.76	1442078	13175059.000
02/29/2012	8.75	8.75	8.60	8.68	814084	7372547.000
03/01/2012	8.63	9.17	8.63	9.05	2572625	24084564.000
03/02/2012	9.05	9.26	8.97	9.17	2102840	20049028.000
03/05/2012	9.17	9.42	9.08	9.26	2380069	22929756.000
03/06/2012	9.26	9.47	8.62	8.97	2656148	25273178.000
03/07/2012	8.79	9.17	8.62	9.10	2998937	28153094.000
03/08/2012	9.11	9.34	8.82	9.23	2880923	27433636.000
03/09/2012	9.21	9.25	9.07	9.19	1577667	15039564.000
03/12/2012	9.15	9.24	9.14	9.24	1322246	12650205.000
03/13/2012	9.20	9.29	9.17	9.26	1452210	13952166.000
03/14/2012	9.32	9.39	8.57	8.65	2048836	19263796.000
03/15/2012	8.65	8.76	8.22	8.27	1286622	11285305.000
03/16/2012	8.29	8.50	8.29	8.47	888022	7790943.500
03/19/2012	8.47	8.65	8.42	8.60	806618	7196607.000
03/20/2012	8.61	8.67	8.31	8.31	806994	7103596.000
03/21/2012	8.39	8.59	8.30	8.53	702673	6211768.000
03/22/2012	8.44	8.60	8.42	8.47	538613	4772386.000
03/23/2012	8.44	8.46	8.20	8.22	495978	4314767.500
03/26/2012	8.22	8.51	8.22	8.51	773167	6794731.500
03/27/2012	8.56	8.59	8.49	8.52	638913	5699012.000
03/28/2012	8.50	8.50	7.92	7.93	802599	6816326.000
03/29/2012	7.86	7.88	7.22	7.47	1003154	8003242.500
03/30/2012	7.46	7.53	7.23	7.43	537746	4168100.250
04/05/2012	7.43	7.75	7.37	7.73	652495	5235250.500
04/06/2012	7.73	7.94	7.72	7.80	677260	5578325.500
04/09/2012	7.78	7.95	7.42	7.62	341801	2771382.000
04/10/2012	7.54	7.83	7.44	7.83	833699	6690077.500
04/11/2012	7.76	8.19	7.69	8.06	1398228	11730871.000
04/12/2012	8.06	8.30	8.00	8.18	1720995	14749292.000
04/13/2012	8.18	8.38	8.12	8.26	1475817	12788537.000
04/16/2012	8.24	8.58	8.16	8.42	2028148	17932412.000
04/17/2012	8.50	8.62	8.22	8.51	2176579	19217108.000
04/18/2012	8.48	8.83	8.30	8.62	2961307	26618220.000
04/20/2012	8.54	8.67	8.36	8.48	2438428	21620090.000
04/23/2012	8.37	8.47	7.82	7.94	1672029	14340188.000
04/24/2012	7.82	8.07	7.42	7.69	1305083	10521484.000
04/25/2012	7.69	7.96	7.63	7.90	927289	7609314.000
04/26/2012	7.90	8.08	7.87	7.95	1042982	8705564.000
04/27/2012	7.96	8.09	7.90	7.93	968433	8132451.500
05/02/2012	7.97	8.07	7.92	8.02	627254	5259200.500
05/03/2012	7.98	8.25	7.98	8.11	959826	8179193.500
05/04/2012	8.11	8.20	8.02	8.14	845082	7198956.500
05/07/2012	8.10	8.20	7.97	8.07	835459	7021078.500
05/08/2012	8.07	8.11	7.92	8.03	1037353	8691076.000
05/09/2012	7.97	8.06	7.88	7.88	853765	7124551.500
05/10/2012	7.84	8.02	7.84	7.99	439708	3663612.250
05/11/2012	8.00	8.06	7.92	7.93	344495	2881987.250
05/14/2012	7.93	8.07	7.90	7.97	481500	4025088.000
05/15/2012	7.97	8.01	7.70	7.88	492681	4045380.250
05/16/2012	7.86	7.92	7.78	7.78	311832	2561138.500
05/17/2012	7.79	8.00	7.79	7.95	484734	4024978.750
05/18/2012	7.95	7.98	7.78	7.81	268200	2217868.000
05/21/2012	7.81	7.90	7.70	7.77	325300	2645633.000
05/22/2012	7.84	7.90	7.77	7.83	297360	2441605.500
05/23/2012	7.83	7.89	7.69	7.77	397533	3241716.500
05/24/2012	7.75	7.84	7.67	7.70	292430	2377493.000
05/25/2012	7.76	7.80	7.57	7.59	362550	2924234.500
05/28/2012	7.51	7.67	7.32	7.65	615364	4845785.000
05/29/2012	7.59	7.87	7.59	7.80	692022	5640161.000
05/30/2012	7.78	7.85	7.75	7.83	437643	3582521.000
05/31/2012	7.75	7.79	7.22	7.58	4484449	35360040.000
06/01/2012	7.56	7.60	7.44	7.48	1841501	14573018.000
06/04/2012	7.32	7.42	7.21	7.21	1017755	7814429.500
06/05/2012	7.25	7.30	7.18	7.23	515626	3931457.250
06/06/2012	7.27	7.29	7.10	7.16	558347	4242001.500
06/07/2012	7.26	7.27	7.11	7.13	452258	3381097.750
06/08/2012	7.21	7.23	7.13	7.16	409724	3055076.750
06/11/2012	7.14	7.29	7.10	7.24	376058	2818208.000
06/12/2012	7.25	7.25	7.12	7.14	465766	3464483.250
06/13/2012	7.14	7.30	7.14	7.28	498917	3746880.500
06/15/2012	7.28	7.41	7.04	7.41	788359	5964172.000
06/18/2012	7.40	7.90	7.21	7.66	7383270	56834480.000
06/19/2012	7.42	7.65	7.42	7.50	3417977	26734850.000
06/20/2012	7.50	7.68	7.44	7.56	2579437	20207646.000
06/21/2012	7.51	7.52	7.26	7.27	1535557	11761736.000
06/25/2012	7.22	7.27	6.92	6.93	1074040	7942174.000
06/26/2012	6.93	7.00	6.82	6.93	674883	4857508.500
06/27/2012	6.97	7.04	6.93	6.95	744029	5410712.500
06/28/2012	6.94	7.01	6.85	6.87	623400	4500182.000
06/29/2012	6.86	7.04	6.80	6.97	508858	3652149.750
07/02/2012	7.04	7.38	6.97	7.17	2294005	17059924.000
07/03/2012	7.10	7.22	7.03	7.07	1179130	8701716.000
07/04/2012	7.07	7.10	6.96	7.03	974665	7114492.000
07/05/2012	7.03	7.03	6.77	6.81	853890	6079230.500
07/06/2012	6.87	6.95	6.77	6.91	673300	4798993.000
07/09/2012	6.87	6.91	6.54	6.55	621830	4366771.500
07/10/2012	6.55	6.67	6.52	6.54	366649	2509714.750
07/11/2012	6.53	6.65	6.49	6.61	329714	2259556.250
07/12/2012	6.55	6.70	6.50	6.64	693151	4775923.000
07/13/2012	6.62	6.70	6.57	6.62	518317	3579018.250
07/16/2012	6.61	6.61	5.93	6.08	748100	4892423.500
07/17/2012	6.04	6.13	5.97	6.11	766605	4870653.000
07/18/2012	6.11	6.17	5.99	6.17	621080	3943111.250
07/19/2012	6.17	6.44	6.14	6.35	861804	5669126.000
07/20/2012	6.31	6.52	6.29	6.39	785134	5258796.000
07/23/2012	6.48	6.48	6.23	6.40	621606	4124326.000
07/24/2012	6.36	6.46	6.30	6.39	454879	3020595.750
07/25/2012	6.41	6.41	6.24	6.27	431696	2852169.250
07/26/2012	6.27	6.36	6.22	6.22	337380	2210419.750
07/27/2012	6.32	6.32	6.18	6.23	282089	1837264.625
07/30/2012	6.18	6.24	6.05	6.08	564338	3594089.500
07/31/2012	6.06	6.06	5.83	5.92	394535	2448900.750
08/01/2012	5.87	6.06	5.87	6.03	381950	2397381.500
08/02/2012	6.03	6.07	5.90	6.04	308600	1932687.375
08/03/2012	5.95	6.19	5.93	6.19	487103	3112868.750
08/06/2012	6.12	6.36	6.12	6.30	708469	4639446.000
08/07/2012	6.37	6.37	6.23	6.32	586180	3857269.000
08/08/2012	6.28	6.35	6.19	6.28	784829	5129213.500
08/09/2012	6.30	6.60	6.21	6.44	1599239	10595061.000
08/10/2012	6.39	6.56	6.37	6.50	2289699	15452367.000
08/13/2012	6.47	6.51	6.33	6.36	1095960	7315607.500
08/14/2012	6.27	6.37	6.01	6.31	860926	5582432.000
08/15/2012	6.24	6.29	6.18	6.23	412433	2687043.000
08/16/2012	6.21	6.26	6.14	6.23	332569	2155983.250
08/17/2012	6.23	6.25	6.14	6.23	352324	2282504.000
08/20/2012	6.21	6.27	6.12	6.26	591047	3835018.250
08/21/2012	6.26	6.56	6.26	6.42	1611052	10772169.000
08/22/2012	6.42	6.46	6.29	6.35	1080767	7188158.000
08/23/2012	6.32	6.48	6.28	6.45	1276481	8531464.000
08/24/2012	6.42	6.51	6.24	6.26	777910	5181457.000
08/27/2012	6.23	6.23	5.98	6.07	835921	5316391.500
08/28/2012	5.97	6.17	5.97	6.10	465600	2964357.250
08/29/2012	6.06	6.27	6.04	6.23	921310	5962045.000
08/30/2012	6.23	6.34	6.01	6.08	840173	5451117.000
08/31/2012	6.04	6.17	6.03	6.13	371600	2372426.000
09/03/2012	6.07	6.27	6.07	6.24	367797	2384164.750
09/04/2012	6.22	6.33	6.22	6.26	546882	3578264.250
09/05/2012	6.29	6.45	6.22	6.36	758247	5025326.000
09/06/2012	6.37	6.65	6.35	6.57	2107891	14312015.000
09/07/2012	6.58	6.79	6.52	6.68	2155911	14950798.000
09/10/2012	6.67	6.75	6.61	6.65	1349311	9372691.000
09/11/2012	6.65	6.74	6.58	6.69	875583	6089024.500
09/12/2012	6.71	6.77	6.58	6.70	707849	4925721.500
09/13/2012	6.72	6.72	6.48	6.52	1151075	7891380.500
09/14/2012	6.58	6.65	6.50	6.55	1076108	7357942.000
09/17/2012	6.54	6.60	6.34	6.35	614749	4126302.000
09/18/2012	6.24	6.37	6.22	6.29	643831	4231889.000
09/19/2012	6.24	6.40	6.24	6.39	471300	3124432.750
09/20/2012	6.38	6.40	6.09	6.09	649779	4223176.000
09/21/2012	6.07	6.17	6.05	6.06	405689	2586031.500
09/24/2012	6.02	6.16	5.98	6.12	315807	2007031.625
09/25/2012	6.06	6.17	6.06	6.09	272377	1740738.750
09/26/2012	6.09	6.13	5.93	5.97	363822	2280368.750
09/27/2012	6.00	6.13	5.91	6.07	471566	2981113.250
09/28/2012	6.05	6.28	6.02	6.23	717039	4616338.000
10/08/2012	6.24	6.27	6.11	6.20	406665	2632836.250
10/09/2012	6.20	6.85	6.20	6.85	7134674	50270440.000
10/10/2012	6.85	7.12	6.78	6.90	7993333	57630548.000
10/11/2012	6.72	6.76	6.52	6.57	4242655	29410364.000
10/12/2012	6.54	6.69	6.47	6.64	2247253	15427325.000
10/15/2012	6.66	6.67	6.47	6.57	1733475	11824829.000
10/16/2012	6.57	6.64	6.53	6.56	1558941	10712186.000
10/17/2012	6.57	6.67	6.49	6.60	1210886	8312096.500
10/18/2012	6.60	6.77	6.56	6.71	1875814	13077771.000
10/19/2012	6.74	6.75	6.56	6.61	1577502	10875003.000
10/22/2012	6.57	6.60	6.45	6.58	1242575	8473230.000
10/23/2012	6.58	6.62	6.55	6.58	806260	5532335.000
10/24/2012	6.48	6.59	6.46	6.51	739704	5029996.500
10/25/2012	6.48	6.57	6.37	6.40	699815	4731226.500
10/26/2012	6.37	6.39	6.12	6.12	1165604	7565724.500
10/29/2012	6.07	6.16	6.07	6.13	626587	4003553.750
10/30/2012	6.12	6.20	6.11	6.17	285590	1838570.750
10/31/2012	6.15	6.23	6.13	6.22	537881	3479651.750
11/01/2012	6.24	6.36	6.22	6.30	702491	4628121.500
11/02/2012	6.33	6.35	6.27	6.35	485089	3193547.750
11/05/2012	6.36	6.38	6.29	6.31	413195	2724082.250
11/06/2012	6.28	6.31	6.12	6.23	528548	3421411.000
11/07/2012	6.22	6.30	6.19	6.29	482761	3151143.000
11/08/2012	6.27	6.27	6.04	6.08	525989	3390174.000
11/09/2012	6.06	6.11	6.03	6.11	248442	1581677.250
11/12/2012	6.12	6.23	6.12	6.20	385390	2486440.500
11/13/2012	6.14	6.21	6.03	6.07	528801	3377452.500
11/14/2012	6.04	6.09	5.99	6.09	326210	2065931.625
11/15/2012	6.06	6.12	6.00	6.02	463200	2938733.750
11/16/2012	6.05	6.12	5.97	6.05	517140	3280298.500
11/19/2012	6.09	6.10	6.01	6.09	238959	1515696.250
11/20/2012	6.14	6.32	6.10	6.23	1023533	6660288.500
11/21/2012	6.26	6.40	6.18	6.37	1109459	7314507.500
11/22/2012	6.34	6.40	6.20	6.23	700951	4595873.000
11/23/2012	6.27	6.30	6.20	6.27	446448	2920402.750
11/26/2012	6.29	6.29	6.07	6.07	660196	4243619.500
11/27/2012	6.01	6.05	5.72	5.73	875644	5358968.000
11/28/2012	5.68	5.72	5.49	5.55	418356	2459819.750
11/29/2012	5.53	5.68	5.48	5.56	332897	1944760.125
11/30/2012	5.56	5.66	5.47	5.61	300918	1761697.125
12/03/2012	5.54	5.60	5.32	5.49	335001	1934616.125
12/04/2012	5.48	5.51	5.22	5.50	405178	2300963.500
12/05/2012	5.42	5.74	5.42	5.68	688323	4073863.500
12/06/2012	5.67	5.71	5.60	5.66	375025	2222289.500
12/07/2012	5.69	5.78	5.67	5.76	585323	3520040.750
12/10/2012	5.81	5.88	5.77	5.84	697549	4251764.000
12/11/2012	5.82	5.86	5.77	5.80	538306	3284581.500
12/12/2012	5.82	5.82	5.67	5.75	475609	2867822.750
12/13/2012	5.79	5.79	5.60	5.62	351471	2093383.625
12/14/2012	5.61	6.17	5.61	6.10	1930433	12088301.000
12/17/2012	6.07	6.40	6.02	6.39	2695477	17741238.000
12/18/2012	6.29	6.61	6.23	6.33	2012765	13579048.000
12/19/2012	6.27	6.53	6.24	6.52	1469394	9887635.000
12/20/2012	6.44	6.72	6.44	6.63	4118575	28397152.000
12/21/2012	6.67	6.97	6.55	6.59	7455755	52540288.000
12/24/2012	6.52	6.53	6.33	6.42	1192401	7986024.500
12/25/2012	6.44	6.88	6.36	6.70	4470651	31332964.000
12/26/2012	6.68	6.80	6.61	6.70	2475526	17252710.000
12/27/2012	6.72	6.74	6.53	6.53	1720036	11924040.000
12/28/2012	6.48	6.87	6.48	6.78	2456285	17218492.000
12/31/2012	6.78	6.90	6.70	6.87	1147679	8112436.000
01/04/2013	6.82	7.07	6.74	6.94	3670503	26345446.000
01/07/2013	6.88	7.12	6.84	7.10	3394847	24889276.000
01/08/2013	7.10	7.45	6.98	7.21	3853945	28953816.000
01/09/2013	7.27	7.62	7.13	7.22	7311864	55542668.000
01/10/2013	7.22	7.40	6.97	7.22	8821685	65532240.000
01/11/2013	7.21	7.21	6.78	6.78	4784221	34764976.000
01/14/2013	6.77	6.96	6.67	6.90	3353464	23948722.000
01/15/2013	6.90	7.00	6.85	6.94	3526773	25410922.000
01/16/2013	6.94	6.97	6.78	6.86	2596876	18568104.000
01/17/2013	6.84	6.96	6.83	6.87	2039035	14620246.000
01/18/2013	6.87	6.96	6.83	6.95	1810171	13019137.000
01/21/2013	6.96	7.00	6.88	6.95	1269292	9156672.000
01/22/2013	6.92	6.99	6.74	6.77	1720501	12281852.000
01/23/2013	6.76	6.78	6.57	6.67	1254793	8729486.000
01/24/2013	6.63	6.79	6.41	6.50	1468563	10114917.000
01/25/2013	6.48	6.58	6.42	6.47	656406	4446228.500
01/28/2013	6.47	6.69	6.47	6.65	829666	5714193.000
01/29/2013	6.64	6.76	6.64	6.73	815819	5710790.500
01/30/2013	6.79	6.86	6.66	6.78	1130055	7946741.500
01/31/2013	6.78	6.84	6.65	6.72	904509	6323472.000
02/01/2013	6.70	6.84	6.63	6.83	1439227	10161463.000
02/04/2013	6.92	7.06	6.79	7.05	3597475	26061574.000
02/05/2013	7.00	7.38	6.82	7.19	6507843	48766140.000
02/06/2013	7.00	7.11	6.93	6.98	2080264	15130605.000
02/07/2013	6.98	6.98	6.76	6.83	1395309	9946634.000
02/08/2013	6.83	6.91	6.82	6.87	799229	5709434.500
02/18/2013	6.87	6.93	6.77	6.93	1300121	9283991.000
02/19/2013	6.93	6.93	6.78	6.80	1000700	7112529.500
02/20/2013	6.78	6.86	6.75	6.86	918787	6517386.000
02/21/2013	6.80	6.87	6.63	6.68	1005857	7062770.500
02/22/2013	6.69	6.78	6.67	6.72	613288	4295214.500
02/25/2013	6.79	6.79	6.70	6.76	613340	4302424.500
02/26/2013	6.77	6.77	6.63	6.65	751852	5265433.000
02/27/2013	6.65	6.74	6.63	6.69	604573	4206764.500
02/28/2013	6.68	7.39	6.68	7.39	7640282	57210020.000
03/01/2013	7.82	8.16	7.81	8.16	13038249	109076552.000
03/04/2013	7.84	8.87	7.73	8.47	21653840	186407024.000
03/05/2013	8.13	9.00	7.72	8.54	14088596	120179576.000
03/06/2013	8.32	8.52	8.19	8.27	9842151	84844680.000
03/07/2013	8.22	8.64	8.06	8.45	11194054	97229344.000
03/08/2013	8.37	8.37	7.92	8.04	6320893	52996324.000
03/11/2013	8.07	8.15	7.93	8.15	3928685	32744612.000
03/12/2013	8.12	8.12	7.59	7.86	5207668	42334696.000
03/13/2013	7.77	8.00	7.52	7.94	4315949	34822796.000
03/14/2013	7.85	7.94	7.75	7.77	3549551	28757782.000
03/15/2013	7.77	7.99	7.65	7.77	3272019	26506614.000
03/18/2013	7.64	7.74	7.35	7.42	3313458	25837112.000
03/19/2013	7.38	7.51	7.23	7.50	2826706	21700218.000
03/20/2013	7.51	7.72	7.42	7.70	3134810	24698804.000
03/21/2013	7.71	7.89	7.64	7.78	3841683	30939534.000
03/22/2013	7.74	7.80	7.64	7.73	2287558	18291150.000
03/25/2013	7.73	7.91	7.61	7.90	3682981	29857664.000
03/26/2013	7.89	7.95	7.60	7.62	2679762	21453668.000
03/27/2013	7.62	7.69	7.28	7.44	2254364	17529430.000
03/28/2013	7.39	7.39	7.04	7.11	1943811	14419309.000
03/29/2013	7.14	7.31	7.04	7.26	1750377	13015646.000
04/01/2013	7.15	7.31	7.13	7.21	951696	7135762.500
04/02/2013	7.21	7.31	6.93	6.97	1571191	11576000.000
04/03/2013	6.97	7.04	6.88	7.00	1111046	8033843.500
04/08/2013	6.92	7.09	6.74	7.08	1455083	10426079.000
04/09/2013	7.03	7.18	6.99	7.09	987329	7279211.000
04/10/2013	7.09	7.12	6.89	7.01	1003578	7285992.500
04/11/2013	7.01	7.26	6.99	7.23	2090045	15509416.000
04/12/2013	7.18	7.72	7.14	7.50	5498639	42712368.000
04/15/2013	7.35	7.52	7.26	7.38	1793067	13713971.000
04/16/2013	7.30	7.60	7.17	7.58	1891441	14631648.000
04/17/2013	7.58	7.63	7.42	7.58	1550806	12087829.000
04/18/2013	7.58	7.62	7.45	7.46	1332830	10381780.000
04/19/2013	7.46	7.68	7.46	7.53	2166166	17087054.000
04/22/2013	7.47	7.47	7.06	7.21	2784249	20874774.000
04/23/2013	7.22	7.52	7.12	7.42	2402175	18377224.000
04/24/2013	7.25	7.31	6.86	7.25	1916513	14225503.000
04/25/2013	7.23	7.29	7.04	7.10	1221176	9064524.000
04/26/2013	7.07	7.17	6.95	6.95	777501	5702708.000
05/02/2013	6.94	7.16	6.90	7.09	597644	4414127.500
05/03/2013	7.07	7.27	7.04	7.17	763459	5691383.000
05/06/2013	7.17	7.28	7.17	7.22	914507	6867611.500
05/07/2013	7.22	7.38	7.19	7.37	1106347	8351207.500
05/08/2013	7.40	7.56	7.32	7.45	1378321	10644479.000
05/09/2013	7.45	7.67	7.32	7.66	2405403	18819958.000
05/10/2013	7.70	8.07	7.63	7.83	3969222	32436538.000
05/13/2013	7.80	7.80	7.55	7.62	2008536	15897227.000
05/14/2013	7.57	7.71	7.42	7.56	1138724	8898714.000
05/15/2013	7.53	7.90	7.53	7.82	2328675	18802628.000
05/16/2013	7.74	7.97	7.68	7.76	2308139	18759336.000
05/17/2013	7.78	7.91	7.71	7.80	1569434	12708267.000
05/20/2013	7.80	8.17	7.80	8.15	3728173	31073510.000
05/21/2013	8.09	8.17	7.99	8.15	2599842	21753112.000
05/22/2013	8.10	8.20	7.83	7.84	2905336	24103028.000
05/23/2013	7.85	8.00	7.75	7.86	1623248	13266212.000
05/24/2013	7.82	8.67	7.75	8.64	4142866	35410984.000
05/27/2013	8.60	9.24	8.46	9.20	8557675	79282576.000
10/18/2013	10.14	10.14	10.14	10.14	272475	2811942.000
10/21/2013	11.17	11.17	11.17	11.17	266203	3021404.000
10/22/2013	12.31	12.31	12.31	12.31	199960	2497500.500
10/23/2013	13.56	13.56	13.56	13.56	311007	4273236.000
10/24/2013	14.93	14.93	14.93	14.93	264965	4003621.250
10/30/2013	16.44	16.44	14.22	16.44	21741061	348298752.000
10/31/2013	16.01	18.10	15.82	18.10	18571969	318087136.000
11/01/2013	17.31	18.27	16.27	16.48	12453182	217584624.000
11/04/2013	17.01	18.11	17.01	17.82	10296811	182897360.000
11/05/2013	17.32	19.57	17.12	18.52	9927702	185493104.000
11/06/2013	18.05	18.78	17.02	17.28	9931337	179233472.000
11/07/2013	17.08	17.61	16.73	16.88	5790185	99648752.000
11/08/2013	16.98	17.18	16.48	16.92	4953366	84127848.000
11/11/2013	16.73	17.01	15.99	16.87	4294953	71677280.000
11/12/2013	16.55	17.29	16.32	16.95	4633257	79010904.000
11/13/2013	16.95	17.19	16.49	16.49	2605913	44291184.000
11/14/2013	16.45	16.49	14.97	15.80	4609819	73316728.000
11/15/2013	15.72	16.27	15.54	16.05	3220828	51940404.000
11/18/2013	15.85	17.01	15.85	16.82	4477409	74771024.000
11/19/2013	16.82	17.57	16.54	17.04	4161234	71984288.000
11/20/2013	16.89	17.59	16.69	17.58	3446455	59795896.000
11/21/2013	17.62	18.12	17.05	17.33	3569588	63114932.000
11/22/2013	17.22	17.70	16.50	17.25	3190676	54813932.000
11/25/2013	17.12	17.60	16.99	17.10	2098669	36626216.000
11/26/2013	17.29	18.83	17.20	18.83	5378641	100487312.000
11/27/2013	19.37	20.57	19.16	20.02	10035160	200581488.000
11/28/2013	19.49	20.40	19.20	19.97	5066092	102006472.000
11/29/2013	19.53	20.28	19.28	19.92	6338868	126216032.000
12/02/2013	19.21	19.21	17.91	18.72	6527004	123216360.000
12/03/2013	18.72	19.51	18.37	19.43	2511929	48564452.000
12/04/2013	19.21	20.82	19.21	20.45	3490561	71660544.000
12/05/2013	20.05	20.92	20.04	20.90	3848220	80086824.000
12/06/2013	21.02	21.12	20.22	20.62	3601656	74746408.000
12/09/2013	20.44	21.12	19.19	19.22	3286654	66714564.000
12/10/2013	19.22	19.58	18.53	19.30	2917519	55928360.000
12/11/2013	19.22	20.84	18.84	20.50	2935032	59285028.000
12/12/2013	20.30	20.62	19.82	19.98	1704363	34666760.000
12/13/2013	19.74	20.27	19.60	19.62	980222	19563210.000
12/16/2013	19.32	20.51	19.32	20.38	1600678	32640314.000
12/17/2013	20.38	20.52	19.62	19.81	3189120	63769664.000
12/18/2013	19.32	20.47	19.22	20.25	1515973	30829236.000
12/19/2013	19.94	20.46	19.89	20.07	1155338	23436174.000
12/20/2013	20.05	20.06	19.50	19.84	1201430	24078458.000
12/23/2013	19.84	20.14	18.53	19.32	993063	19507732.000
12/24/2013	19.14	19.70	19.14	19.59	596243	11770826.000
12/25/2013	19.59	21.57	19.44	20.95	5383169	112438416.000
12/26/2013	20.82	21.05	20.36	20.47	1961556	40859212.000
12/27/2013	20.32	20.97	19.85	19.87	2994194	60823644.000
12/30/2013	20.15	20.15	19.68	19.84	742089	14862143.000
12/31/2013	19.74	21.52	19.74	20.82	2438446	50786004.000
01/02/2014	20.82	21.02	20.28	20.37	2353263	48829328.000
01/03/2014	20.12	20.36	19.96	20.11	1337861	27097032.000
01/06/2014	20.17	20.37	19.72	19.86	1110558	22277276.000
01/07/2014	20.11	20.20	19.86	19.96	852134	17201574.000
01/08/2014	20.16	20.16	19.70	19.82	1715176	34338140.000
01/09/2014	19.72	21.09	19.63	20.12	1665134	34303048.000
01/10/2014	19.82	20.80	19.67	20.20	1335730	27335320.000
01/13/2014	20.19	20.80	20.07	20.45	1265289	26028918.000
01/14/2014	20.47	22.41	20.09	22.30	4914816	106243440.000
01/15/2014	22.12	22.20	21.05	21.67	3612972	79325856.000
01/16/2014	21.42	22.04	20.84	21.09	1897423	40711264.000
01/17/2014	21.03	21.85	20.84	21.72	1651835	35839736.000
01/20/2014	21.72	21.72	21.01	21.10	1562833	33407786.000
01/21/2014	21.02	21.30	20.15	20.62	1993971	41641696.000
01/22/2014	20.21	20.61	20.18	20.44	1946160	40014624.000
01/23/2014	20.47	21.57	20.47	21.57	1718496	36886196.000
01/24/2014	21.47	23.36	21.42	22.39	3491555	78731544.000
01/27/2014	22.32	23.27	22.05	22.42	1849779	41956848.000
01/28/2014	22.51	22.69	21.62	21.82	1491524	32909262.000
01/29/2014	21.78	23.01	21.32	23.01	2432288	55508980.000
01/30/2014	23.00	23.37	22.57	22.66	1524718	35277764.000
02/07/2014	22.52	24.20	22.20	24.00	2035652	47983976.000
02/10/2014	24.06	26.13	24.06	25.20	3555407	90183304.000
02/11/2014	25.29	27.74	25.29	27.74	6331362	173586752.000
02/12/2014	27.87	28.30	26.22	26.54	5609701	151490272.000
02/13/2014	26.55	27.47	26.08	27.10	3266388	88108936.000
02/14/2014	27.11	27.21	25.67	25.80	4148061	108583296.000
02/17/2014	25.44	26.21	25.25	26.20	3893405	100234464.000
02/18/2014	25.87	27.45	25.52	27.03	3288303	87842592.000
02/19/2014	27.04	28.02	26.32	26.34	3321435	91343288.000
02/20/2014	26.29	26.30	25.52	25.82	2049366	53390988.000
02/21/2014	25.64	27.10	25.64	26.79	1577321	41801300.000
02/24/2014	26.81	27.27	25.80	26.12	1764887	46709892.000
02/25/2014	26.33	26.67	23.81	24.82	2156039	55554204.000
02/26/2014	24.82	26.18	23.88	26.01	1489349	38083464.000
02/27/2014	25.99	26.80	25.82	26.18	1339003	35388296.000
02/28/2014	25.84	26.31	25.13	25.93	879382	22813244.000
03/03/2014	25.82	27.26	25.82	27.24	2679899	72494392.000
03/04/2014	27.17	27.51	26.61	27.32	1621477	44037484.000
03/05/2014	27.18	28.17	27.18	27.76	2078929	58233940.000
03/06/2014	27.83	29.80	27.83	29.07	3898731	113368032.000
03/07/2014	29.12	29.32	27.82	27.97	2362997	67230640.000
03/10/2014	27.32	27.81	25.72	26.18	2760786	74325648.000
03/11/2014	25.83	27.21	25.83	27.12	1139608	30542356.000
03/12/2014	27.11	27.50	26.58	26.69	1014992	27469518.000
03/13/2014	26.69	27.62	26.49	27.12	688240	18677168.000
03/14/2014	26.88	27.82	26.88	27.56	810751	22387522.000
03/17/2014	27.82	29.06	27.57	28.87	1635990	47039728.000
03/18/2014	28.72	29.24	27.82	27.92	1379469	39524448.000
03/19/2014	27.83	28.62	27.42	28.22	897959	25182310.000
03/20/2014	28.29	28.29	27.09	27.10	1047139	29045184.000
03/21/2014	26.82	27.32	25.82	26.92	740045	20041626.000
03/24/2014	26.91	28.00	26.91	27.47	673979	18709544.000
03/25/2014	27.70	27.81	25.82	26.22	1209770	32235766.000
03/26/2014	25.97	26.94	24.83	26.94	2324949	60114292.000
03/27/2014	26.48	26.70	25.71	25.92	798472	21120582.000
03/28/2014	25.92	26.51	25.12	26.02	1034237	26855110.000
03/31/2014	25.63	26.50	25.63	26.28	399031	10470747.000
04/01/2014	26.71	26.91	25.53	26.09	423951	11143824.000
04/02/2014	26.02	26.32	25.82	26.26	233711	6129098.000
04/03/2014	26.25	26.79	25.89	26.40	506675	13534007.000
04/04/2014	26.33	26.74	26.02	26.42	357594	9517143.000
04/08/2014	26.40	26.40	25.70	25.80	464283	12123011.000
04/09/2014	25.78	26.30	25.78	26.12	356979	9347001.000
04/10/2014	25.94	26.17	25.03	25.11	784370	20172478.000
04/11/2014	24.92	25.74	24.92	25.12	670317	17071166.000
04/14/2014	25.30	25.77	25.20	25.59	551282	14089053.000
04/15/2014	25.59	25.75	25.13	25.25	315928	7993361.000
04/16/2014	25.26	25.54	23.64	24.10	944891	23181982.000
04/17/2014	24.50	24.59	22.90	23.26	1520495	35570392.000
04/18/2014	23.20	23.20	22.20	22.86	1593151	35892064.000
04/21/2014	22.50	23.27	22.41	22.80	928277	21313614.000
04/22/2014	22.76	22.99	22.22	22.49	514268	11679761.000
04/23/2014	22.21	22.46	20.68	21.15	1147742	24528130.000
04/24/2014	20.99	23.27	20.47	23.27	4202808	94210792.000
04/25/2014	23.90	25.50	22.93	24.19	3655711	88629632.000
04/28/2014	24.28	24.30	22.11	23.16	1848515	43229348.000
04/29/2014	24.00	24.79	23.11	24.16	1231614	29397128.000
04/30/2014	24.09	24.70	23.62	24.27	908920	22052022.000
05/05/2014	24.27	25.79	23.68	24.90	2665225	66082764.000
05/06/2014	24.80	25.25	24.49	24.54	597183	14764846.000
05/07/2014	24.55	24.55	23.70	24.00	514624	12400722.000
05/08/2014	23.66	24.38	23.49	23.94	722231	17275150.000
05/09/2014	23.51	24.59	23.33	23.96	345403	8315814.000
05/12/2014	24.49	24.50	23.79	23.86	533827	12764135.000
05/13/2014	23.77	24.12	23.58	23.93	361230	8607455.000
05/14/2014	23.64	24.00	23.63	23.90	210061	5016014.500
05/15/2014	23.90	24.14	23.70	23.76	316780	7565183.500
05/16/2014	23.96	24.48	23.51	24.20	1433066	34515868.000
05/19/2014	24.03	24.40	23.98	24.28	643034	15520583.000
05/20/2014	24.25	24.55	24.06	24.40	446797	10869423.000
05/21/2014	24.40	24.55	24.06	24.55	412508	10003962.000
05/22/2014	24.38	24.38	24.10	24.12	245726	5944905.500
05/23/2014	23.98	24.15	23.78	23.78	214300	5122623.500
05/26/2014	23.66	24.08	23.66	23.91	241874	5785797.500
05/27/2014	23.80	24.10	23.70	23.93	264604	6334553.500
05/28/2014	23.83	24.00	23.50	23.56	481756	11406708.000
05/29/2014	23.69	23.69	23.14	23.48	541867	12713362.000
05/30/2014	23.30	23.48	23.10	23.30	208377	4859880.000
06/03/2014	23.29	23.83	22.91	23.49	125419	2947723.750
06/04/2014	23.78	23.78	23.12	23.21	124244	2886088.250
06/05/2014	23.20	23.20	22.00	22.70	939323	21292312.000
06/06/2014	22.28	23.00	22.28	22.73	297199	6729630.500
06/09/2014	22.75	22.90	22.57	22.79	186038	4226435.000
06/10/2014	22.79	22.79	22.60	22.65	132185	3000445.000
06/11/2014	22.53	22.63	22.35	22.43	297098	6658448.500
06/12/2014	22.44	22.45	21.86	22.01	581212	12836060.000
06/13/2014	22.08	22.45	22.00	22.19	233286	5181287.000
06/16/2014	22.26	23.90	22.12	23.30	787496	18279448.000
06/17/2014	23.18	23.79	22.80	22.92	461073	10753957.000
06/18/2014	23.44	23.44	22.60	22.65	204253	4639474.000
06/19/2014	22.65	22.96	22.64	22.75	413268	9451672.000
06/20/2014	22.60	22.88	22.26	22.75	286671	6454512.000
06/23/2014	22.74	22.74	22.31	22.49	203584	4566942.000
06/24/2014	22.55	22.65	22.20	22.49	284351	6391277.500
06/25/2014	22.49	22.72	22.40	22.55	157360	3545156.000
06/26/2014	22.69	23.39	22.56	23.09	256993	5908084.000
06/27/2014	23.10	23.10	22.70	23.04	190050	4348387.500
06/30/2014	22.65	23.10	21.00	21.50	2978709	64644128.000
07/01/2014	21.22	22.00	20.55	21.58	1944863	41224480.000
07/02/2014	21.47	21.50	20.95	21.28	1360330	28894908.000
07/03/2014	21.25	21.88	21.06	21.69	1059421	22897852.000
07/04/2014	21.78	23.50	21.53	22.75	1438459	32619418.000
07/07/2014	22.80	25.00	22.74	23.96	1837843	44059012.000
07/08/2014	24.08	24.34	23.15	23.46	744032	17422098.000
07/09/2014	23.49	23.49	23.04	23.18	676638	15693297.000
07/10/2014	23.20	24.08	22.90	23.50	664196	15612132.000
07/11/2014	23.50	23.80	23.28	23.49	360801	8442841.000
07/14/2014	23.30	23.73	23.30	23.55	427070	10045193.000
07/15/2014	23.40	23.55	22.43	23.50	2011540	46287568.000
07/16/2014	23.26	23.46	22.62	23.00	969283	22420692.000
07/17/2014	22.80	23.35	22.80	22.95	290983	6702742.000
07/18/2014	23.00	23.50	22.98	23.35	393883	9181263.000
07/21/2014	23.58	24.00	23.21	23.88	987970	23452944.000
07/22/2014	23.96	24.05	23.52	23.63	357855	8481054.000
07/23/2014	23.74	24.43	23.40	24.05	1418453	34057924.000
07/24/2014	23.72	24.35	23.70	23.80	945390	22708592.000
07/25/2014	23.80	24.08	23.70	23.70	292621	6959905.500
07/28/2014	23.70	24.23	23.49	24.18	948419	22723818.000
07/29/2014	24.29	24.67	23.89	24.10	1252414	30384508.000
07/30/2014	24.00	24.53	23.80	24.33	1523494	36984344.000
07/31/2014	24.26	25.45	23.93	25.03	1891569	46908408.000
08/01/2014	25.03	25.26	24.51	24.68	826746	20624418.000
08/04/2014	24.67	25.37	24.67	25.17	1356920	34002804.000
08/05/2014	25.23	25.50	25.02	25.42	495461	12523056.000
08/06/2014	25.42	26.20	25.30	25.95	774159	20013228.000
08/07/2014	26.05	26.20	25.47	25.66	1203847	30993448.000
08/08/2014	25.55	26.00	25.50	25.66	768375	19768164.000
08/11/2014	25.60	25.94	25.40	25.57	1072084	27477698.000
08/12/2014	25.42	26.00	25.19	25.77	1644065	42289776.000
08/13/2014	25.52	26.59	25.52	26.08	637344	16590652.000
08/14/2014	25.82	26.00	24.90	25.05	1621709	41282848.000
08/15/2014	25.16	25.28	24.40	25.09	1169737	28949442.000
08/18/2014	25.00	25.89	25.00	25.84	564917	14420602.000
08/19/2014	25.86	25.86	25.31	25.54	460534	11761030.000
08/20/2014	25.32	25.65	25.10	25.30	433103	10975089.000
08/21/2014	25.06	25.45	24.70	25.19	1174487	29270072.000
08/22/2014	25.00	26.03	24.90	25.96	2735955	69657200.000
08/25/2014	25.95	25.95	24.60	24.72	3881144	97839928.000
08/26/2014	24.70	25.12	24.30	24.65	2065986	51251288.000
08/27/2014	24.65	25.04	24.52	25.03	839745	20908654.000
08/28/2014	24.72	24.98	24.45	24.51	792781	19518244.000
08/29/2014	24.51	24.78	24.30	24.40	514216	12538854.000
09/01/2014	24.55	25.05	24.05	24.89	1265850	31366362.000
09/02/2014	24.89	25.38	24.73	25.34	1496074	37546384.000
09/03/2014	25.27	25.55	25.14	25.45	851179	21632126.000
09/04/2014	25.55	25.64	25.27	25.41	950631	24168452.000
09/05/2014	25.39	27.10	25.16	27.05	4008442	103898040.000
09/09/2014	26.60	26.92	25.89	26.31	4980576	131327512.000
09/10/2014	26.00	26.12	25.70	26.03	1448815	37549592.000
09/11/2014	25.98	26.60	25.78	26.12	2245288	58580068.000
09/12/2014	26.10	26.53	25.91	26.09	1534479	40199248.000
09/15/2014	26.09	26.24	25.60	25.71	1786213	46192892.000
09/16/2014	25.71	25.73	24.98	25.00	1616887	40938864.000
09/17/2014	25.10	25.38	24.75	25.10	1059034	26476782.000
09/18/2014	25.04	25.33	25.04	25.16	821627	20698042.000
09/19/2014	25.08	25.35	25.08	25.35	643320	16229547.000
09/22/2014	25.40	25.40	25.15	25.27	641995	16221692.000
09/23/2014	25.27	25.40	25.15	25.25	545625	13792541.000
09/24/2014	25.15	25.53	25.15	25.50	936634	23692126.000
09/25/2014	25.52	25.60	25.30	25.47	1233405	31394992.000
09/26/2014	25.56	25.85	25.38	25.75	1068351	27368660.000
09/29/2014	25.85	25.85	25.46	25.58	1191878	30615630.000
09/30/2014	25.75	25.75	25.41	25.54	766011	19584010.000
10/08/2014	25.50	25.88	25.46	25.83	964217	24806402.000
10/09/2014	25.81	26.00	25.73	25.99	924226	23903702.000
10/10/2014	26.00	26.25	25.77	25.92	1459432	38014876.000
10/13/2014	25.78	25.90	25.35	25.70	868009	22318028.000
10/14/2014	25.71	25.88	25.36	25.76	1204740	30991196.000
10/15/2014	25.60	25.75	25.40	25.52	1240286	31629730.000
10/16/2014	25.41	25.80	25.36	25.48	1207953	30897072.000
10/17/2014	25.41	25.48	24.90	24.96	820300	20577724.000
10/20/2014	24.96	25.75	24.96	25.75	2168389	55220488.000
10/21/2014	25.86	25.89	25.40	25.61	549148	14093320.000
10/22/2014	25.70	25.70	24.56	24.60	1117306	28018132.000
10/23/2014	24.27	24.78	24.11	24.35	675543	16441143.000
10/24/2014	24.40	24.69	24.00	24.41	388468	9424614.000
10/27/2014	24.00	24.79	22.50	24.72	1423100	34611456.000
10/28/2014	24.79	25.04	24.41	24.80	776520	19252964.000
10/29/2014	24.80	25.10	24.23	24.69	1647733	40733728.000
10/30/2014	24.40	24.96	23.99	24.61	1773022	43453816.000
10/31/2014	24.53	24.60	24.10	24.59	573342	14023130.000
11/03/2014	24.58	25.17	24.30	25.09	1756691	43529116.000
11/04/2014	25.09	25.60	24.81	25.35	955310	24159876.000
11/05/2014	25.35	25.77	25.30	25.47	1335026	34048532.000
11/06/2014	25.57	25.78	25.36	25.69	2105337	53978436.000
11/07/2014	25.69	26.05	25.26	25.78	2143920	55320084.000
11/10/2014	25.79	26.10	25.52	25.98	1209402	31322240.000
11/11/2014	26.00	26.51	25.51	25.63	1849891	48124436.000
11/12/2014	25.40	25.96	25.35	25.79	609882	15672173.000
11/13/2014	25.91	25.91	25.60	25.60	685769	17682050.000
11/14/2014	25.77	25.91	25.35	25.41	553251	14108543.000
11/17/2014	25.30	26.10	25.30	26.09	1270617	32861868.000
11/18/2014	26.10	26.20	25.75	26.02	528305	13716169.000
11/19/2014	26.26	26.40	25.89	26.30	1058451	27687106.000
11/20/2014	26.32	26.35	25.98	26.02	634290	16592892.000
11/21/2014	26.02	27.45	26.02	27.27	2354900	63264336.000
11/24/2014	27.40	27.80	27.02	27.28	1333863	36492456.000
11/25/2014	27.27	28.17	27.10	27.88	2166217	60246056.000
11/26/2014	27.87	28.13	27.55	28.08	844089	23548482.000
11/27/2014	28.07	28.45	27.67	27.95	827840	23173460.000
11/28/2014	27.90	27.95	27.00	27.27	1096652	30091536.000
12/01/2014	27.27	27.68	26.56	26.70	795007	21497800.000
12/02/2014	26.70	27.30	26.70	27.14	1173325	31764102.000
12/03/2014	27.06	27.59	26.83	27.35	989051	26925852.000
12/04/2014	27.35	27.65	27.01	27.10	1066400	29036802.000
12/05/2014	27.10	27.10	26.50	26.60	1151694	30725290.000
12/08/2014	26.60	27.00	26.40	26.60	1019680	27184030.000
12/09/2014	26.60	27.27	26.02	26.36	1533390	40974368.000
12/10/2014	26.36	26.86	26.01	26.85	602378	16014818.000
12/11/2014	26.79	26.79	26.30	26.63	572690	15164238.000
12/12/2014	26.72	27.38	26.51	27.31	737776	19842898.000
12/15/2014	27.32	27.93	24.58	27.64	1007223	27682588.000
12/16/2014	27.60	28.09	27.31	27.90	1431528	39848036.000
12/17/2014	28.04	28.80	27.42	28.15	1444068	40671856.000
12/18/2014	28.15	28.40	27.42	27.49	890105	24754698.000
12/19/2014	27.42	27.58	26.61	27.06	835397	22619816.000
12/22/2014	26.97	26.97	25.97	26.05	876402	22899742.000
12/23/2014	26.00	26.62	26.00	26.27	340902	8915147.000
12/24/2014	26.60	26.60	26.04	26.30	347476	9106323.000
12/25/2014	26.33	26.59	26.15	26.48	239705	6327579.000
12/26/2014	26.48	26.56	25.63	26.48	221304	5796690.000
12/29/2014	26.20	26.20	25.40	25.43	489901	12598541.000
12/30/2014	25.13	25.55	24.88	25.45	477300	12064010.000
12/31/2014	25.45	26.00	25.01	26.00	397699	10143415.000
01/05/2015	26.00	26.29	25.60	25.81	157404	4068222.000
01/06/2015	25.88	26.00	25.53	25.86	293354	7556380.500
01/07/2015	25.99	27.00	25.54	26.59	814882	21407754.000
01/08/2015	26.53	26.75	26.11	26.40	272413	7210502.500
01/09/2015	26.08	28.60	26.08	28.00	2341767	64791660.000
01/12/2015	28.52	28.56	27.51	28.06	842423	23640638.000
01/13/2015	27.82	28.50	27.50	27.70	420331	11715509.000
01/14/2015	27.68	27.68	26.82	27.25	339895	9230300.000
01/15/2015	27.29	27.98	27.00	27.81	421710	11569329.000
01/16/2015	27.51	27.77	27.41	27.55	247458	6807137.000
01/19/2015	26.75	28.20	26.70	27.28	590954	16336926.000
01/20/2015	27.22	28.05	27.13	27.95	357680	9932420.000
01/21/2015	27.95	29.00	27.75	28.70	1445081	41170252.000
01/22/2015	28.68	28.68	28.20	28.55	576070	16421857.000
01/23/2015	28.23	28.50	28.20	28.23	354524	10034561.000
01/26/2015	28.16	29.80	28.11	29.22	1297498	37490100.000
01/27/2015	29.00	29.92	28.75	29.76	1678173	49532976.000
01/28/2015	29.40	29.74	29.02	29.15	534125	15670430.000
01/29/2015	29.00	29.00	28.12	28.85	515903	14736301.000
01/30/2015	28.58	28.97	28.32	28.61	389528	11147333.000
02/02/2015	28.76	29.49	28.32	28.95	463052	13411653.000
02/03/2015	29.20	29.45	28.60	28.93	621399	17916702.000
02/04/2015	28.95	29.16	28.71	28.78	184102	5314870.500
02/05/2015	28.95	28.95	28.41	28.41	301889	8658968.000
02/06/2015	28.03	28.60	26.98	27.50	462800	12866347.000
02/09/2015	27.20	28.40	27.20	28.07	345632	9622876.000
02/10/2015	28.07	28.91	28.00	28.91	499036	14304171.000
02/11/2015	28.90	28.90	27.92	28.06	405903	11474848.000
02/12/2015	28.00	29.00	27.50	28.92	788842	22463226.000
02/13/2015	28.92	30.38	28.63	29.48	913533	27017798.000
02/16/2015	29.15	29.37	28.02	29.19	465450	13452149.000
02/17/2015	29.25	29.50	29.00	29.30	391410	11448916.000
02/25/2015	29.06	30.50	29.06	30.50	692047	20672722.000
02/26/2015	30.25	30.40	29.76	29.99	387728	11659406.000
02/27/2015	29.94	30.46	29.81	30.46	230666	6951432.500
03/02/2015	30.46	33.51	30.46	32.29	1878175	60643776.000
03/03/2015	32.27	34.49	30.86	32.90	4686159	150581520.000
03/04/2015	32.75	33.65	31.90	32.55	1073180	34815472.000
03/05/2015	32.55	32.55	31.50	31.96	734140	23504250.000
03/06/2015	31.51	33.51	31.51	33.20	900294	29247976.000
03/09/2015	33.20	33.40	32.51	32.91	712860	23399788.000
03/10/2015	33.00	33.66	32.51	33.01	584491	19287422.000
03/11/2015	33.00	34.35	33.00	33.96	874348	29457672.000
03/12/2015	33.93	33.95	32.27	32.80	1640313	54287580.000
03/13/2015	32.80	33.08	32.68	33.07	1134895	37218280.000
03/16/2015	33.07	33.70	32.12	33.20	825333	27037532.000
03/17/2015	33.30	34.60	33.01	34.28	1325933	45228516.000
03/18/2015	34.00	34.50	34.00	34.29	546936	18757850.000
03/19/2015	34.17	35.29	33.86	34.75	616900	21457246.000
03/20/2015	34.75	35.56	34.70	35.56	898945	31719406.000
03/23/2015	35.58	36.30	35.56	35.90	915319	32938374.000
03/24/2015	36.00	36.97	34.44	36.10	946222	33681484.000
03/25/2015	36.00	36.42	35.00	35.50	689432	24507982.000
03/26/2015	34.90	36.10	34.87	35.58	696648	24821454.000
03/27/2015	35.08	36.02	35.08	35.51	554659	19785098.000
04/08/2015	31.96	31.96	31.96	31.96	2085600	66655776.000
04/09/2015	29.40	32.96	28.76	31.97	23269096	690516352.000
04/10/2015	29.86	31.20	29.53	30.44	13916289	422484224.000
04/13/2015	30.43	30.94	30.01	30.75	10544048	322148224.000
04/14/2015	30.50	30.95	30.07	30.77	7270146	222646464.000
04/15/2015	30.50	30.70	29.11	29.15	4382401	131020456.000
04/16/2015	28.78	30.00	28.00	29.55	3548592	103632856.000
04/17/2015	29.55	30.51	29.40	29.67	4269342	127639384.000
04/20/2015	29.50	31.10	28.20	29.36	8686436	251909456.000
04/21/2015	29.09	30.04	28.80	29.77	4158261	122805808.000
04/22/2015	29.99	31.40	29.60	30.99	11095876	338711008.000
04/23/2015	30.82	31.42	29.98	30.30	11981343	367981824.000
05/05/2015	27.30	28.89	27.27	27.47	8733937	241605520.000
05/06/2015	26.99	27.50	26.00	26.41	5125794	138064272.000
05/07/2015	26.44	26.66	24.20	24.20	4975745	125744528.000
05/08/2015	24.90	25.52	24.70	25.45	4002459	100647360.000
05/11/2015	26.15	26.89	25.68	26.69	4368351	115600272.000
05/12/2015	26.96	27.50	26.68	26.95	4072139	110261760.000
05/13/2015	26.96	27.32	26.06	26.88	3193964	85727648.000
05/14/2015	27.20	29.55	27.20	29.33	8638237	246709024.000
05/15/2015	29.10	30.71	28.37	30.00	8040366	237832160.000
05/18/2015	30.00	33.00	29.24	33.00	12083219	389295360.000
02/04/2016	29.70	29.70	29.70	29.70	413000	12266100.000
02/05/2016	26.73	26.73	26.73	26.73	246400	6586272.000
02/15/2016	24.06	24.06	24.06	24.06	365400	8791524.000
02/16/2016	22.03	25.71	21.65	24.41	26961048	610600960.000
02/17/2016	23.00	23.38	22.55	23.07	14825261	341021664.000
02/18/2016	23.21	24.18	23.15	23.41	12311075	288972224.000
02/19/2016	23.54	24.23	22.80	23.69	11139552	262342032.000
02/22/2016	23.69	24.09	23.39	24.09	9886913	234362768.000
02/23/2016	24.00	24.05	23.12	23.88	7219574	170481664.000
02/24/2016	23.63	23.99	22.91	23.06	9062934	211965600.000
02/25/2016	22.95	23.04	20.75	20.75	8298128	179034432.000
02/26/2016	20.65	20.80	19.22	19.95	9806158	194427040.000
02/29/2016	19.70	19.79	18.07	18.43	6927168	129847688.000
03/01/2016	18.50	19.38	18.10	19.08	4844815	90374624.000
03/02/2016	19.09	19.90	18.83	19.79	5795556	112587480.000
03/03/2016	19.69	19.88	19.30	19.30	6279665	122855464.000
03/04/2016	19.11	19.15	18.20	18.41	5624317	105357104.000
03/07/2016	18.48	19.40	18.48	18.99	3636617	69234088.000
03/08/2016	19.12	20.80	18.50	20.38	6649129	132395664.000
03/09/2016	20.10	20.92	19.82	20.05	5052251	102227256.000
03/10/2016	20.00	20.38	19.80	20.02	3345700	66940096.000
03/11/2016	19.79	20.68	19.70	19.97	4372381	88027560.000
03/14/2016	20.16	20.89	20.00	20.76	7562359	154780528.000
03/15/2016	20.51	20.58	19.96	19.98	3885698	78635000.000
03/16/2016	20.58	21.32	20.18	20.27	5559684	114820336.000
03/17/2016	20.15	20.78	19.92	20.69	4260330	87172144.000
03/18/2016	20.64	21.44	20.43	21.40	6190847	131366608.000
03/21/2016	21.65	21.78	21.12	21.66	5750111	123484856.000
03/22/2016	21.05	21.77	21.00	21.11	4709757	100755728.000
03/23/2016	20.70	21.11	20.51	20.97	4235400	88347752.000
03/24/2016	20.98	23.07	20.78	22.99	15256800	345071264.000
03/25/2016	22.35	22.60	21.70	21.93	10244500	226364368.000
03/28/2016	21.93	22.79	21.82	21.98	6322980	140729744.000
03/29/2016	21.63	21.97	20.86	21.71	4480181	95749792.000
03/30/2016	21.75	22.97	21.75	22.88	5257100	118340040.000
03/31/2016	22.85	23.03	22.40	22.50	3635587	82514840.000
04/01/2016	22.59	22.95	22.44	22.67	2954671	66939712.000
04/05/2016	22.83	24.18	22.83	23.27	6810141	160775920.000
04/06/2016	23.10	23.73	23.00	23.68	3697225	86506872.000
04/07/2016	24.00	26.05	23.91	25.80	11738000	301679616.000
04/08/2016	25.42	25.80	25.06	25.60	3498400	89014440.000
04/11/2016	25.70	26.55	25.69	25.78	4848700	125880552.000
04/12/2016	25.53	25.77	24.28	24.68	4581300	113649232.000
04/13/2016	24.75	25.82	24.75	24.89	4578200	115258376.000
04/14/2016	25.07	25.70	24.91	25.66	3110772	79053448.000
04/15/2016	25.95	27.47	25.81	27.01	5994277	160034976.000
04/18/2016	27.01	28.00	26.54	27.65	4763700	130154960.000
04/19/2016	27.85	27.99	27.05	27.30	3378900	92758648.000
04/20/2016	27.25	27.78	25.30	26.85	5662436	149991408.000
04/21/2016	26.37	28.55	26.36	27.81	6350800	176562512.000
04/22/2016	26.99	29.47	26.99	29.00	5895600	168090384.000
04/25/2016	28.89	30.80	27.92	30.32	7128191	212164256.000
04/26/2016	30.31	33.08	29.60	32.43	5838185	183147776.000
04/27/2016	31.89	33.28	30.49	31.16	5973002	191369152.000
04/28/2016	30.80	30.96	29.60	29.79	6132315	184388880.000
04/29/2016	29.68	30.33	28.62	29.98	5286843	156124096.000
05/03/2016	29.99	30.46	29.45	30.00	4517900	135279984.000
05/04/2016	29.95	30.37	28.78	28.90	5236386	154100112.000
05/05/2016	29.15	29.15	28.18	28.99	5225079	149444096.000
05/06/2016	28.98	29.45	26.88	27.01	7248277	204590016.000
05/09/2016	26.00	26.00	24.35	25.00	5908954	148340704.000
05/10/2016	24.98	25.30	24.58	24.87	2332345	58262752.000
05/11/2016	24.80	25.19	22.38	22.38	10823198	250857888.000
05/12/2016	21.39	22.50	20.40	22.40	6820911	146920320.000
05/13/2016	22.00	23.11	21.78	22.78	5474485	123950704.000
05/16/2016	23.35	25.06	22.95	25.06	5560213	135701584.000
05/17/2016	25.60	26.71	24.57	24.68	6725800	173490720.000
05/18/2016	24.00	24.52	22.25	23.87	4291304	101195776.000
05/19/2016	23.55	25.03	23.50	24.00	3070203	74197984.000
05/20/2016	23.62	24.10	23.38	24.00	2590440	61455132.000
05/23/2016	24.01	26.35	24.01	25.24	4481637	113436088.000
05/24/2016	24.85	25.95	24.81	25.22	2296020	58048088.000
05/25/2016	25.08	25.53	24.30	24.70	2728955	68005600.000
05/26/2016	24.70	25.21	24.01	25.11	2243638	55084316.000
05/27/2016	25.01	25.53	24.75	25.35	1864188	47085856.000
05/30/2016	25.05	25.46	24.83	25.30	1863363	47154548.000
05/31/2016	25.28	26.10	25.16	25.94	3845989	98993368.000
06/01/2016	25.89	26.80	25.63	26.59	4614775	121237272.000
06/02/2016	26.58	27.24	25.90	26.45	4221258	111676256.000
06/03/2016	26.43	26.69	26.16	26.34	2491916	65814596.000
06/06/2016	26.34	26.60	25.68	25.91	2533801	66058764.000
06/07/2016	25.84	26.39	25.81	25.89	1599441	41569792.000
06/08/2016	26.01	26.09	25.20	25.80	1469761	37849940.000
06/13/2016	25.52	27.44	25.27	26.77	5402087	140971152.000
06/14/2016	26.50	27.55	26.20	26.85	7948683	214091952.000
06/15/2016	26.10	27.99	25.80	27.58	6959768	189255200.000
06/16/2016	27.41	27.84	26.55	26.75	4839823	131750712.000
06/17/2016	26.46	27.19	25.90	26.65	3685173	97931376.000
06/20/2016	23.99	23.99	23.99	23.99	1488300	35704316.000
06/21/2016	22.50	23.50	22.50	22.80	8754220	200901824.000
06/22/2016	22.48	22.95	22.20	22.64	4467493	100246632.000
06/23/2016	22.68	24.40	22.61	23.79	5545660	131030016.000
06/24/2016	24.25	24.34	22.86	22.86	7533265	176656944.000
06/27/2016	22.91	23.33	22.66	23.04	4072142	93753136.000
06/28/2016	23.04	23.18	22.85	23.18	2470177	56868592.000
06/29/2016	23.20	23.46	23.08	23.24	2748817	63865744.000
06/30/2016	23.19	23.36	23.07	23.35	2230230	51805016.000
07/01/2016	23.36	23.40	23.11	23.27	1500628	34869936.000
07/04/2016	23.11	23.34	22.82	23.24	2438048	56445120.000
07/05/2016	23.13	23.26	22.68	22.88	4043110	92491928.000
07/06/2016	22.93	23.04	22.70	22.98	1912428	43759648.000
07/07/2016	23.06	23.18	22.62	22.89	2025050	46351976.000
07/08/2016	22.90	24.78	22.50	24.30	7397200	175280512.000
07/11/2016	23.93	24.29	23.16	23.30	5594991	132235248.000
07/12/2016	23.30	23.46	22.60	22.94	2851745	65331384.000
07/13/2016	23.05	23.58	22.90	23.50	2791278	65171384.000
07/14/2016	23.38	23.87	23.20	23.40	2045460	48072388.000
07/15/2016	23.20	23.44	23.04	23.43	1439287	33488984.000
07/18/2016	23.47	23.47	23.16	23.26	1853915	43293664.000
07/19/2016	22.98	23.31	22.90	23.25	1877416	43355884.000
07/20/2016	23.01	23.39	23.01	23.08	1849532	42792980.000
07/21/2016	23.00	23.15	22.87	22.90	2513524	57805368.000
07/22/2016	23.00	23.04	22.51	22.56	1835334	41659788.000
07/25/2016	22.51	23.10	22.41	22.83	1566151	35852464.000
07/26/2016	22.90	23.24	22.82	23.15	1329696	30661206.000
07/27/2016	23.10	23.29	22.11	22.20	2823025	63991860.000
07/28/2016	22.18	22.81	22.10	22.27	2270030	50902088.000
07/29/2016	22.19	22.88	22.19	22.69	2177551	49219160.000
08/01/2016	22.66	22.66	22.06	22.35	1819257	40658324.000
08/02/2016	22.35	23.48	22.30	23.25	3240274	74491312.000
08/03/2016	23.30	24.08	22.90	23.81	3709279	87567816.000
08/04/2016	23.80	24.75	23.32	24.50	3650047	87794736.000
08/05/2016	24.29	24.86	24.00	24.05	2931300	71512464.000
08/08/2016	24.00	24.42	21.65	23.51	2844000	66879436.000
08/09/2016	23.40	23.84	23.25	23.39	1726128	40452172.000
08/10/2016	23.40	23.54	23.10	23.19	1080623	25197386.000
08/11/2016	23.17	23.43	22.25	22.71	2162452	49305892.000
08/12/2016	22.56	22.95	22.56	22.80	967782	22063374.000
08/15/2016	22.99	23.09	22.62	22.95	2233032	51082512.000
08/16/2016	22.95	23.10	22.80	23.00	2197590	50485792.000
08/17/2016	22.90	23.10	22.74	22.98	1877740	43043004.000
08/18/2016	22.94	23.20	22.85	22.98	1409439	32413404.000
08/19/2016	23.06	23.89	22.91	23.77	4188911	98204208.000
08/22/2016	23.62	23.97	23.25	23.45	2551388	60277228.000
08/23/2016	23.45	23.50	23.14	23.39	1848632	43032804.000
08/24/2016	23.31	23.58	23.19	23.33	1630836	38088604.000
08/25/2016	23.31	23.31	22.95	23.18	1231669	28438668.000
08/26/2016	23.18	23.48	22.80	23.19	1185800	27622452.000
08/29/2016	23.15	23.42	23.02	23.10	1797747	41596788.000
08/30/2016	23.06	23.24	22.90	22.90	1292501	29760666.000
08/31/2016	22.90	22.98	22.64	22.85	2820156	64332344.000
09/01/2016	22.85	23.14	22.80	22.96	1228922	28277158.000
09/02/2016	22.90	23.48	22.85	23.34	2852779	66468824.000
09/05/2016	23.36	23.56	23.10	23.10	3139962	73178736.000
09/06/2016	23.18	24.68	23.06	24.67	8110774	195750624.000
09/07/2016	24.46	24.75	24.00	24.03	4373118	106176256.000
09/08/2016	24.00	26.12	24.00	25.51	5502208	137179968.000
09/09/2016	25.45	25.90	25.03	25.51	3116800	79599472.000
09/12/2016	25.65	25.99	24.73	25.51	4587134	116265856.000
09/13/2016	25.40	26.33	25.32	26.02	3929801	102209824.000
09/14/2016	25.65	26.35	25.65	25.80	2420193	62555276.000
09/19/2016	25.80	25.80	25.05	25.26	2684061	67802264.000
09/20/2016	25.21	26.50	25.21	26.29	3134956	81419976.000
09/21/2016	26.30	26.98	25.67	25.76	2291374	60077660.000
09/22/2016	25.76	26.50	25.76	25.89	2091536	54419068.000
09/23/2016	25.76	26.20	25.70	25.94	2210967	57323552.000
09/26/2016	25.68	26.20	25.00	25.23	2245980	57793316.000
09/27/2016	24.85	25.45	24.85	25.31	1650217	41474056.000
09/28/2016	25.41	26.70	25.18	26.44	2396774	62620212.000
09/29/2016	26.44	26.71	26.22	26.47	1596002	42163096.000
09/30/2016	26.49	26.68	26.19	26.50	1890763	49892348.000
数据来源:通达信
